"_defaultColorIndex","fpr","id","name","tpr"
"10","0","cxiy1v63","core_simple_1_200_1000_dipper_high_eval","0"
"10","0","cxiy1v63","core_simple_1_200_1000_dipper_high_eval","0.0019230769230769232"
"10","0","cxiy1v63","core_simple_1_200_1000_dipper_high_eval","0.6115384615384616"
"10","0","cxiy1v63","core_simple_1_200_1000_dipper_high_eval","0.6153846153846154"
"10","0","cxiy1v63","core_simple_1_200_1000_dipper_high_eval","0.6576923076923077"
"10","0.0019230769230769232","cxiy1v63","core_simple_1_200_1000_dipper_high_eval","0.6576923076923077"
"10","0.0019230769230769232","cxiy1v63","core_simple_1_200_1000_dipper_high_eval","0.7365384615384616"
"10","0.0038461538461538464","cxiy1v63","core_simple_1_200_1000_dipper_high_eval","0.7365384615384616"
"10","0.0038461538461538464","cxiy1v63","core_simple_1_200_1000_dipper_high_eval","0.7403846153846154"
"10","0.0038461538461538464","cxiy1v63","core_simple_1_200_1000_dipper_high_eval","0.8961538461538462"
"10","0.0057692307692307696","cxiy1v63","core_simple_1_200_1000_dipper_high_eval","0.8961538461538462"
"10","0.0057692307692307696","cxiy1v63","core_simple_1_200_1000_dipper_high_eval","0.8980769230769231"
"10","0.007692307692307693","cxiy1v63","core_simple_1_200_1000_dipper_high_eval","0.9"
"10","0.007692307692307693","cxiy1v63","core_simple_1_200_1000_dipper_high_eval","0.9076923076923077"
"10","0.009615384615384616","cxiy1v63","core_simple_1_200_1000_dipper_high_eval","0.9076923076923077"
"10","0.009615384615384616","cxiy1v63","core_simple_1_200_1000_dipper_high_eval","0.9134615384615384"
"10","0.011538461538461539","cxiy1v63","core_simple_1_200_1000_dipper_high_eval","0.9134615384615384"
"10","0.011538461538461539","cxiy1v63","core_simple_1_200_1000_dipper_high_eval","0.9153846153846154"
"10","0.013461538461538462","cxiy1v63","core_simple_1_200_1000_dipper_high_eval","0.9153846153846154"
"10","0.013461538461538462","cxiy1v63","core_simple_1_200_1000_dipper_high_eval","0.9192307692307692"
"10","0.01730769230769231","cxiy1v63","core_simple_1_200_1000_dipper_high_eval","0.9192307692307692"
"10","0.01730769230769231","cxiy1v63","core_simple_1_200_1000_dipper_high_eval","0.9230769230769231"
"10","0.01730769230769231","cxiy1v63","core_simple_1_200_1000_dipper_high_eval","0.9288461538461539"
"10","0.019230769230769232","cxiy1v63","core_simple_1_200_1000_dipper_high_eval","0.9288461538461539"
"10","0.019230769230769232","cxiy1v63","core_simple_1_200_1000_dipper_high_eval","0.9307692307692308"
"10","0.021153846153846155","cxiy1v63","core_simple_1_200_1000_dipper_high_eval","0.9307692307692308"
"10","0.021153846153846155","cxiy1v63","core_simple_1_200_1000_dipper_high_eval","0.9365384615384615"
"10","0.023076923076923078","cxiy1v63","core_simple_1_200_1000_dipper_high_eval","0.9365384615384615"
"10","0.023076923076923078","cxiy1v63","core_simple_1_200_1000_dipper_high_eval","0.9384615384615385"
"10","0.026923076923076925","cxiy1v63","core_simple_1_200_1000_dipper_high_eval","0.9403846153846154"
"10","0.03461538461538462","cxiy1v63","core_simple_1_200_1000_dipper_high_eval","0.9403846153846154"
"10","0.03461538461538462","cxiy1v63","core_simple_1_200_1000_dipper_high_eval","0.948076923076923"
"10","0.03653846153846154","cxiy1v63","core_simple_1_200_1000_dipper_high_eval","0.948076923076923"
"10","0.03653846153846154","cxiy1v63","core_simple_1_200_1000_dipper_high_eval","0.95"
"10","0.038461538461538464","cxiy1v63","core_simple_1_200_1000_dipper_high_eval","0.95"
"10","0.038461538461538464","cxiy1v63","core_simple_1_200_1000_dipper_high_eval","0.9576923076923077"
"10","0.04038461538461539","cxiy1v63","core_simple_1_200_1000_dipper_high_eval","0.9576923076923077"
"10","0.04423076923076923","cxiy1v63","core_simple_1_200_1000_dipper_high_eval","0.9576923076923077"
"10","0.04423076923076923","cxiy1v63","core_simple_1_200_1000_dipper_high_eval","0.9634615384615385"
"10","0.04807692307692308","cxiy1v63","core_simple_1_200_1000_dipper_high_eval","0.9634615384615385"
"10","0.04807692307692308","cxiy1v63","core_simple_1_200_1000_dipper_high_eval","0.9653846153846154"
"10","0.051923076923076926","cxiy1v63","core_simple_1_200_1000_dipper_high_eval","0.9653846153846154"
"10","0.051923076923076926","cxiy1v63","core_simple_1_200_1000_dipper_high_eval","0.9673076923076923"
"10","0.05384615384615385","cxiy1v63","core_simple_1_200_1000_dipper_high_eval","0.9673076923076923"
"10","0.057692307692307696","cxiy1v63","core_simple_1_200_1000_dipper_high_eval","0.9673076923076923"
"10","0.05961538461538462","cxiy1v63","core_simple_1_200_1000_dipper_high_eval","0.9692307692307692"
"10","0.07884615384615384","cxiy1v63","core_simple_1_200_1000_dipper_high_eval","0.9711538461538461"
"10","0.07884615384615384","cxiy1v63","core_simple_1_200_1000_dipper_high_eval","0.975"
"10","0.08461538461538462","cxiy1v63","core_simple_1_200_1000_dipper_high_eval","0.975"
"10","0.09038461538461538","cxiy1v63","core_simple_1_200_1000_dipper_high_eval","0.975"
"10","0.11153846153846154","cxiy1v63","core_simple_1_200_1000_dipper_high_eval","0.975"
"10","0.11730769230769231","cxiy1v63","core_simple_1_200_1000_dipper_high_eval","0.975"
"10","0.11923076923076924","cxiy1v63","core_simple_1_200_1000_dipper_high_eval","0.975"
"10","0.11923076923076924","cxiy1v63","core_simple_1_200_1000_dipper_high_eval","0.9769230769230769"
"10","0.12307692307692308","cxiy1v63","core_simple_1_200_1000_dipper_high_eval","0.9769230769230769"
"10","0.13846153846153847","cxiy1v63","core_simple_1_200_1000_dipper_high_eval","0.9788461538461538"
"10","0.14423076923076922","cxiy1v63","core_simple_1_200_1000_dipper_high_eval","0.9788461538461538"
"10","0.14615384615384616","cxiy1v63","core_simple_1_200_1000_dipper_high_eval","0.9788461538461538"
"10","0.1576923076923077","cxiy1v63","core_simple_1_200_1000_dipper_high_eval","0.9807692307692307"
"10","0.16538461538461538","cxiy1v63","core_simple_1_200_1000_dipper_high_eval","0.9807692307692307"
"10","0.17115384615384616","cxiy1v63","core_simple_1_200_1000_dipper_high_eval","0.9807692307692307"
"10","0.17115384615384616","cxiy1v63","core_simple_1_200_1000_dipper_high_eval","0.9826923076923076"
"10","0.17307692307692307","cxiy1v63","core_simple_1_200_1000_dipper_high_eval","0.9826923076923076"
"10","0.17307692307692307","cxiy1v63","core_simple_1_200_1000_dipper_high_eval","0.9846153846153847"
"10","0.2326923076923077","cxiy1v63","core_simple_1_200_1000_dipper_high_eval","0.9884615384615385"
"10","0.23846153846153847","cxiy1v63","core_simple_1_200_1000_dipper_high_eval","0.9884615384615385"
"10","0.2423076923076923","cxiy1v63","core_simple_1_200_1000_dipper_high_eval","0.9884615384615385"
"10","0.24423076923076922","cxiy1v63","core_simple_1_200_1000_dipper_high_eval","0.9884615384615385"
"10","0.24807692307692308","cxiy1v63","core_simple_1_200_1000_dipper_high_eval","0.9884615384615385"
"10","0.24807692307692308","cxiy1v63","core_simple_1_200_1000_dipper_high_eval","0.9903846153846154"
"10","0.25384615384615383","cxiy1v63","core_simple_1_200_1000_dipper_high_eval","0.9903846153846154"
"10","0.25576923076923075","cxiy1v63","core_simple_1_200_1000_dipper_high_eval","0.9903846153846154"
"10","0.3096153846153846","cxiy1v63","core_simple_1_200_1000_dipper_high_eval","0.9923076923076923"
"10","0.31153846153846154","cxiy1v63","core_simple_1_200_1000_dipper_high_eval","0.9923076923076923"
"10","0.3211538461538462","cxiy1v63","core_simple_1_200_1000_dipper_high_eval","0.9923076923076923"
"10","0.325","cxiy1v63","core_simple_1_200_1000_dipper_high_eval","0.9923076923076923"
"10","0.35192307692307695","cxiy1v63","core_simple_1_200_1000_dipper_high_eval","0.9942307692307693"
"10","0.3576923076923077","cxiy1v63","core_simple_1_200_1000_dipper_high_eval","0.9942307692307693"
"10","0.3576923076923077","cxiy1v63","core_simple_1_200_1000_dipper_high_eval","0.9961538461538462"
"10","0.3596153846153846","cxiy1v63","core_simple_1_200_1000_dipper_high_eval","0.9961538461538462"
"10","0.36730769230769234","cxiy1v63","core_simple_1_200_1000_dipper_high_eval","0.9961538461538462"
"10","0.36923076923076925","cxiy1v63","core_simple_1_200_1000_dipper_high_eval","0.9961538461538462"
"10","0.3730769230769231","cxiy1v63","core_simple_1_200_1000_dipper_high_eval","0.9961538461538462"
"10","0.38461538461538464","cxiy1v63","core_simple_1_200_1000_dipper_high_eval","0.9961538461538462"
"10","0.38653846153846155","cxiy1v63","core_simple_1_200_1000_dipper_high_eval","0.9961538461538462"
"10","0.5923076923076923","cxiy1v63","core_simple_1_200_1000_dipper_high_eval","0.9961538461538462"
"10","0.6038461538461538","cxiy1v63","core_simple_1_200_1000_dipper_high_eval","0.9961538461538462"
"10","0.6076923076923076","cxiy1v63","core_simple_1_200_1000_dipper_high_eval","0.9961538461538462"
"10","0.6115384615384616","cxiy1v63","core_simple_1_200_1000_dipper_high_eval","0.9961538461538462"
"10","0.6153846153846154","cxiy1v63","core_simple_1_200_1000_dipper_high_eval","0.9961538461538462"
"10","0.6211538461538462","cxiy1v63","core_simple_1_200_1000_dipper_high_eval","0.9980769230769231"
"10","0.7019230769230769","cxiy1v63","core_simple_1_200_1000_dipper_high_eval","0.9980769230769231"
"10","0.7307692307692307","cxiy1v63","core_simple_1_200_1000_dipper_high_eval","0.9980769230769231"
"10","0.7538461538461538","cxiy1v63","core_simple_1_200_1000_dipper_high_eval","0.9980769230769231"
"10","0.7596153846153846","cxiy1v63","core_simple_1_200_1000_dipper_high_eval","1"
"10","0.7653846153846153","cxiy1v63","core_simple_1_200_1000_dipper_high_eval","1"
"10","0.7730769230769231","cxiy1v63","core_simple_1_200_1000_dipper_high_eval","1"
"10","0.7769230769230769","cxiy1v63","core_simple_1_200_1000_dipper_high_eval","1"
"10","0.7826923076923077","cxiy1v63","core_simple_1_200_1000_dipper_high_eval","1"
"10","0.7846153846153846","cxiy1v63","core_simple_1_200_1000_dipper_high_eval","1"
"10","0.9576923076923077","cxiy1v63","core_simple_1_200_1000_dipper_high_eval","1"
"10","0.9634615384615385","cxiy1v63","core_simple_1_200_1000_dipper_high_eval","1"
"10","0.9673076923076923","cxiy1v63","core_simple_1_200_1000_dipper_high_eval","1"
"10","0.9826923076923076","cxiy1v63","core_simple_1_200_1000_dipper_high_eval","1"
"10","0.9884615384615385","cxiy1v63","core_simple_1_200_1000_dipper_high_eval","1"
"10","1","cxiy1v63","core_simple_1_200_1000_dipper_high_eval","1"
"3","0","jtkisfd7","core_simple_1_200_1000_gen_cp_attack_3-25%_eval","0"
"3","0","jtkisfd7","core_simple_1_200_1000_gen_cp_attack_3-25%_eval","0.002"
"3","0","jtkisfd7","core_simple_1_200_1000_gen_cp_attack_3-25%_eval","0.008"
"3","0","jtkisfd7","core_simple_1_200_1000_gen_cp_attack_3-25%_eval","0.012"
"3","0","jtkisfd7","core_simple_1_200_1000_gen_cp_attack_3-25%_eval","0.112"
"3","0","jtkisfd7","core_simple_1_200_1000_gen_cp_attack_3-25%_eval","0.116"
"3","0","jtkisfd7","core_simple_1_200_1000_gen_cp_attack_3-25%_eval","0.144"
"3","0","jtkisfd7","core_simple_1_200_1000_gen_cp_attack_3-25%_eval","0.148"
"3","0","jtkisfd7","core_simple_1_200_1000_gen_cp_attack_3-25%_eval","0.206"
"3","0","jtkisfd7","core_simple_1_200_1000_gen_cp_attack_3-25%_eval","0.21"
"3","0","jtkisfd7","core_simple_1_200_1000_gen_cp_attack_3-25%_eval","0.34"
"3","0","jtkisfd7","core_simple_1_200_1000_gen_cp_attack_3-25%_eval","0.344"
"3","0","jtkisfd7","core_simple_1_200_1000_gen_cp_attack_3-25%_eval","0.348"
"3","0","jtkisfd7","core_simple_1_200_1000_gen_cp_attack_3-25%_eval","0.352"
"3","0","jtkisfd7","core_simple_1_200_1000_gen_cp_attack_3-25%_eval","0.372"
"3","0","jtkisfd7","core_simple_1_200_1000_gen_cp_attack_3-25%_eval","0.376"
"3","0","jtkisfd7","core_simple_1_200_1000_gen_cp_attack_3-25%_eval","0.39"
"3","0","jtkisfd7","core_simple_1_200_1000_gen_cp_attack_3-25%_eval","0.394"
"3","0","jtkisfd7","core_simple_1_200_1000_gen_cp_attack_3-25%_eval","0.404"
"3","0","jtkisfd7","core_simple_1_200_1000_gen_cp_attack_3-25%_eval","0.408"
"3","0","jtkisfd7","core_simple_1_200_1000_gen_cp_attack_3-25%_eval","0.44"
"3","0","jtkisfd7","core_simple_1_200_1000_gen_cp_attack_3-25%_eval","0.444"
"3","0","jtkisfd7","core_simple_1_200_1000_gen_cp_attack_3-25%_eval","0.454"
"3","0","jtkisfd7","core_simple_1_200_1000_gen_cp_attack_3-25%_eval","0.458"
"3","0","jtkisfd7","core_simple_1_200_1000_gen_cp_attack_3-25%_eval","0.536"
"3","0","jtkisfd7","core_simple_1_200_1000_gen_cp_attack_3-25%_eval","0.54"
"3","0","jtkisfd7","core_simple_1_200_1000_gen_cp_attack_3-25%_eval","0.652"
"3","0","jtkisfd7","core_simple_1_200_1000_gen_cp_attack_3-25%_eval","0.664"
"3","0","jtkisfd7","core_simple_1_200_1000_gen_cp_attack_3-25%_eval","0.7"
"3","0","jtkisfd7","core_simple_1_200_1000_gen_cp_attack_3-25%_eval","0.704"
"3","0","jtkisfd7","core_simple_1_200_1000_gen_cp_attack_3-25%_eval","0.708"
"3","0","jtkisfd7","core_simple_1_200_1000_gen_cp_attack_3-25%_eval","0.712"
"3","0","jtkisfd7","core_simple_1_200_1000_gen_cp_attack_3-25%_eval","0.736"
"3","0","jtkisfd7","core_simple_1_200_1000_gen_cp_attack_3-25%_eval","0.74"
"3","0","jtkisfd7","core_simple_1_200_1000_gen_cp_attack_3-25%_eval","0.754"
"3","0","jtkisfd7","core_simple_1_200_1000_gen_cp_attack_3-25%_eval","0.76"
"3","0","jtkisfd7","core_simple_1_200_1000_gen_cp_attack_3-25%_eval","0.762"
"3","0","jtkisfd7","core_simple_1_200_1000_gen_cp_attack_3-25%_eval","0.766"
"3","0","jtkisfd7","core_simple_1_200_1000_gen_cp_attack_3-25%_eval","0.782"
"3","0","jtkisfd7","core_simple_1_200_1000_gen_cp_attack_3-25%_eval","0.786"
"3","0","jtkisfd7","core_simple_1_200_1000_gen_cp_attack_3-25%_eval","0.796"
"3","0","jtkisfd7","core_simple_1_200_1000_gen_cp_attack_3-25%_eval","0.802"
"3","0","jtkisfd7","core_simple_1_200_1000_gen_cp_attack_3-25%_eval","0.818"
"3","0","jtkisfd7","core_simple_1_200_1000_gen_cp_attack_3-25%_eval","0.826"
"3","0","jtkisfd7","core_simple_1_200_1000_gen_cp_attack_3-25%_eval","0.836"
"3","0","jtkisfd7","core_simple_1_200_1000_gen_cp_attack_3-25%_eval","0.84"
"3","0","jtkisfd7","core_simple_1_200_1000_gen_cp_attack_3-25%_eval","0.846"
"3","0.002","jtkisfd7","core_simple_1_200_1000_gen_cp_attack_3-25%_eval","0.846"
"3","0.002","jtkisfd7","core_simple_1_200_1000_gen_cp_attack_3-25%_eval","0.906"
"3","0.004","jtkisfd7","core_simple_1_200_1000_gen_cp_attack_3-25%_eval","0.906"
"3","0.004","jtkisfd7","core_simple_1_200_1000_gen_cp_attack_3-25%_eval","0.94"
"3","0.004","jtkisfd7","core_simple_1_200_1000_gen_cp_attack_3-25%_eval","0.944"
"3","0.004","jtkisfd7","core_simple_1_200_1000_gen_cp_attack_3-25%_eval","0.966"
"3","0.004","jtkisfd7","core_simple_1_200_1000_gen_cp_attack_3-25%_eval","0.97"
"3","0.004","jtkisfd7","core_simple_1_200_1000_gen_cp_attack_3-25%_eval","0.986"
"3","0.006","jtkisfd7","core_simple_1_200_1000_gen_cp_attack_3-25%_eval","0.986"
"3","0.008","jtkisfd7","core_simple_1_200_1000_gen_cp_attack_3-25%_eval","0.988"
"3","0.01","jtkisfd7","core_simple_1_200_1000_gen_cp_attack_3-25%_eval","0.988"
"3","0.01","jtkisfd7","core_simple_1_200_1000_gen_cp_attack_3-25%_eval","0.99"
"3","0.014","jtkisfd7","core_simple_1_200_1000_gen_cp_attack_3-25%_eval","0.99"
"3","0.018","jtkisfd7","core_simple_1_200_1000_gen_cp_attack_3-25%_eval","0.99"
"3","0.024","jtkisfd7","core_simple_1_200_1000_gen_cp_attack_3-25%_eval","0.99"
"3","0.024","jtkisfd7","core_simple_1_200_1000_gen_cp_attack_3-25%_eval","0.992"
"3","0.028","jtkisfd7","core_simple_1_200_1000_gen_cp_attack_3-25%_eval","0.992"
"3","0.036","jtkisfd7","core_simple_1_200_1000_gen_cp_attack_3-25%_eval","0.992"
"3","0.042","jtkisfd7","core_simple_1_200_1000_gen_cp_attack_3-25%_eval","0.992"
"3","0.046","jtkisfd7","core_simple_1_200_1000_gen_cp_attack_3-25%_eval","0.992"
"3","0.056","jtkisfd7","core_simple_1_200_1000_gen_cp_attack_3-25%_eval","0.992"
"3","0.06","jtkisfd7","core_simple_1_200_1000_gen_cp_attack_3-25%_eval","0.992"
"3","0.062","jtkisfd7","core_simple_1_200_1000_gen_cp_attack_3-25%_eval","0.992"
"3","0.082","jtkisfd7","core_simple_1_200_1000_gen_cp_attack_3-25%_eval","0.996"
"3","0.088","jtkisfd7","core_simple_1_200_1000_gen_cp_attack_3-25%_eval","0.996"
"3","0.094","jtkisfd7","core_simple_1_200_1000_gen_cp_attack_3-25%_eval","0.996"
"3","0.116","jtkisfd7","core_simple_1_200_1000_gen_cp_attack_3-25%_eval","0.996"
"3","0.122","jtkisfd7","core_simple_1_200_1000_gen_cp_attack_3-25%_eval","0.996"
"3","0.128","jtkisfd7","core_simple_1_200_1000_gen_cp_attack_3-25%_eval","0.996"
"3","0.144","jtkisfd7","core_simple_1_200_1000_gen_cp_attack_3-25%_eval","0.996"
"3","0.15","jtkisfd7","core_simple_1_200_1000_gen_cp_attack_3-25%_eval","0.996"
"3","0.152","jtkisfd7","core_simple_1_200_1000_gen_cp_attack_3-25%_eval","0.996"
"3","0.164","jtkisfd7","core_simple_1_200_1000_gen_cp_attack_3-25%_eval","0.996"
"3","0.172","jtkisfd7","core_simple_1_200_1000_gen_cp_attack_3-25%_eval","0.996"
"3","0.172","jtkisfd7","core_simple_1_200_1000_gen_cp_attack_3-25%_eval","0.998"
"3","0.18","jtkisfd7","core_simple_1_200_1000_gen_cp_attack_3-25%_eval","0.998"
"3","0.236","jtkisfd7","core_simple_1_200_1000_gen_cp_attack_3-25%_eval","0.998"
"3","0.24","jtkisfd7","core_simple_1_200_1000_gen_cp_attack_3-25%_eval","0.998"
"3","0.244","jtkisfd7","core_simple_1_200_1000_gen_cp_attack_3-25%_eval","0.998"
"3","0.246","jtkisfd7","core_simple_1_200_1000_gen_cp_attack_3-25%_eval","0.998"
"3","0.254","jtkisfd7","core_simple_1_200_1000_gen_cp_attack_3-25%_eval","0.998"
"3","0.256","jtkisfd7","core_simple_1_200_1000_gen_cp_attack_3-25%_eval","0.998"
"3","0.312","jtkisfd7","core_simple_1_200_1000_gen_cp_attack_3-25%_eval","0.998"
"3","0.314","jtkisfd7","core_simple_1_200_1000_gen_cp_attack_3-25%_eval","0.998"
"3","0.324","jtkisfd7","core_simple_1_200_1000_gen_cp_attack_3-25%_eval","0.998"
"3","0.328","jtkisfd7","core_simple_1_200_1000_gen_cp_attack_3-25%_eval","0.998"
"3","0.328","jtkisfd7","core_simple_1_200_1000_gen_cp_attack_3-25%_eval","1"
"3","0.356","jtkisfd7","core_simple_1_200_1000_gen_cp_attack_3-25%_eval","1"
"3","0.362","jtkisfd7","core_simple_1_200_1000_gen_cp_attack_3-25%_eval","1"
"3","0.364","jtkisfd7","core_simple_1_200_1000_gen_cp_attack_3-25%_eval","1"
"3","0.372","jtkisfd7","core_simple_1_200_1000_gen_cp_attack_3-25%_eval","1"
"3","0.374","jtkisfd7","core_simple_1_200_1000_gen_cp_attack_3-25%_eval","1"
"3","0.378","jtkisfd7","core_simple_1_200_1000_gen_cp_attack_3-25%_eval","1"
"3","0.388","jtkisfd7","core_simple_1_200_1000_gen_cp_attack_3-25%_eval","1"
"3","0.39","jtkisfd7","core_simple_1_200_1000_gen_cp_attack_3-25%_eval","1"
"3","0.594","jtkisfd7","core_simple_1_200_1000_gen_cp_attack_3-25%_eval","1"
"3","0.606","jtkisfd7","core_simple_1_200_1000_gen_cp_attack_3-25%_eval","1"
"3","0.61","jtkisfd7","core_simple_1_200_1000_gen_cp_attack_3-25%_eval","1"
"3","0.614","jtkisfd7","core_simple_1_200_1000_gen_cp_attack_3-25%_eval","1"
"3","0.616","jtkisfd7","core_simple_1_200_1000_gen_cp_attack_3-25%_eval","1"
"3","0.622","jtkisfd7","core_simple_1_200_1000_gen_cp_attack_3-25%_eval","1"
"3","0.704","jtkisfd7","core_simple_1_200_1000_gen_cp_attack_3-25%_eval","1"
"3","0.732","jtkisfd7","core_simple_1_200_1000_gen_cp_attack_3-25%_eval","1"
"3","0.756","jtkisfd7","core_simple_1_200_1000_gen_cp_attack_3-25%_eval","1"
"3","0.762","jtkisfd7","core_simple_1_200_1000_gen_cp_attack_3-25%_eval","1"
"3","0.768","jtkisfd7","core_simple_1_200_1000_gen_cp_attack_3-25%_eval","1"
"3","0.776","jtkisfd7","core_simple_1_200_1000_gen_cp_attack_3-25%_eval","1"
"3","0.78","jtkisfd7","core_simple_1_200_1000_gen_cp_attack_3-25%_eval","1"
"3","0.786","jtkisfd7","core_simple_1_200_1000_gen_cp_attack_3-25%_eval","1"
"3","0.788","jtkisfd7","core_simple_1_200_1000_gen_cp_attack_3-25%_eval","1"
"3","0.96","jtkisfd7","core_simple_1_200_1000_gen_cp_attack_3-25%_eval","1"
"3","0.964","jtkisfd7","core_simple_1_200_1000_gen_cp_attack_3-25%_eval","1"
"3","0.968","jtkisfd7","core_simple_1_200_1000_gen_cp_attack_3-25%_eval","1"
"3","0.982","jtkisfd7","core_simple_1_200_1000_gen_cp_attack_3-25%_eval","1"
"3","0.988","jtkisfd7","core_simple_1_200_1000_gen_cp_attack_3-25%_eval","1"
"3","1","jtkisfd7","core_simple_1_200_1000_gen_cp_attack_3-25%_eval","1"
"8","0","rzrpza5t","core_simple_1_200_1000_gen_cp_attack_1-25%_eval","0"
"8","0","rzrpza5t","core_simple_1_200_1000_gen_cp_attack_1-25%_eval","0.002"
"8","0","rzrpza5t","core_simple_1_200_1000_gen_cp_attack_1-25%_eval","0.086"
"8","0","rzrpza5t","core_simple_1_200_1000_gen_cp_attack_1-25%_eval","0.09"
"8","0","rzrpza5t","core_simple_1_200_1000_gen_cp_attack_1-25%_eval","0.174"
"8","0","rzrpza5t","core_simple_1_200_1000_gen_cp_attack_1-25%_eval","0.18"
"8","0","rzrpza5t","core_simple_1_200_1000_gen_cp_attack_1-25%_eval","0.184"
"8","0","rzrpza5t","core_simple_1_200_1000_gen_cp_attack_1-25%_eval","0.188"
"8","0","rzrpza5t","core_simple_1_200_1000_gen_cp_attack_1-25%_eval","0.208"
"8","0","rzrpza5t","core_simple_1_200_1000_gen_cp_attack_1-25%_eval","0.212"
"8","0","rzrpza5t","core_simple_1_200_1000_gen_cp_attack_1-25%_eval","0.244"
"8","0","rzrpza5t","core_simple_1_200_1000_gen_cp_attack_1-25%_eval","0.248"
"8","0","rzrpza5t","core_simple_1_200_1000_gen_cp_attack_1-25%_eval","0.298"
"8","0","rzrpza5t","core_simple_1_200_1000_gen_cp_attack_1-25%_eval","0.302"
"8","0","rzrpza5t","core_simple_1_200_1000_gen_cp_attack_1-25%_eval","0.326"
"8","0","rzrpza5t","core_simple_1_200_1000_gen_cp_attack_1-25%_eval","0.332"
"8","0","rzrpza5t","core_simple_1_200_1000_gen_cp_attack_1-25%_eval","0.378"
"8","0","rzrpza5t","core_simple_1_200_1000_gen_cp_attack_1-25%_eval","0.382"
"8","0","rzrpza5t","core_simple_1_200_1000_gen_cp_attack_1-25%_eval","0.388"
"8","0","rzrpza5t","core_simple_1_200_1000_gen_cp_attack_1-25%_eval","0.392"
"8","0","rzrpza5t","core_simple_1_200_1000_gen_cp_attack_1-25%_eval","0.406"
"8","0","rzrpza5t","core_simple_1_200_1000_gen_cp_attack_1-25%_eval","0.414"
"8","0","rzrpza5t","core_simple_1_200_1000_gen_cp_attack_1-25%_eval","0.448"
"8","0","rzrpza5t","core_simple_1_200_1000_gen_cp_attack_1-25%_eval","0.452"
"8","0","rzrpza5t","core_simple_1_200_1000_gen_cp_attack_1-25%_eval","0.458"
"8","0","rzrpza5t","core_simple_1_200_1000_gen_cp_attack_1-25%_eval","0.464"
"8","0","rzrpza5t","core_simple_1_200_1000_gen_cp_attack_1-25%_eval","0.47"
"8","0","rzrpza5t","core_simple_1_200_1000_gen_cp_attack_1-25%_eval","0.504"
"8","0","rzrpza5t","core_simple_1_200_1000_gen_cp_attack_1-25%_eval","0.508"
"8","0","rzrpza5t","core_simple_1_200_1000_gen_cp_attack_1-25%_eval","0.51"
"8","0","rzrpza5t","core_simple_1_200_1000_gen_cp_attack_1-25%_eval","0.514"
"8","0","rzrpza5t","core_simple_1_200_1000_gen_cp_attack_1-25%_eval","0.518"
"8","0","rzrpza5t","core_simple_1_200_1000_gen_cp_attack_1-25%_eval","0.522"
"8","0","rzrpza5t","core_simple_1_200_1000_gen_cp_attack_1-25%_eval","0.538"
"8","0","rzrpza5t","core_simple_1_200_1000_gen_cp_attack_1-25%_eval","0.542"
"8","0","rzrpza5t","core_simple_1_200_1000_gen_cp_attack_1-25%_eval","0.558"
"8","0","rzrpza5t","core_simple_1_200_1000_gen_cp_attack_1-25%_eval","0.562"
"8","0","rzrpza5t","core_simple_1_200_1000_gen_cp_attack_1-25%_eval","0.568"
"8","0","rzrpza5t","core_simple_1_200_1000_gen_cp_attack_1-25%_eval","0.572"
"8","0","rzrpza5t","core_simple_1_200_1000_gen_cp_attack_1-25%_eval","0.576"
"8","0","rzrpza5t","core_simple_1_200_1000_gen_cp_attack_1-25%_eval","0.586"
"8","0","rzrpza5t","core_simple_1_200_1000_gen_cp_attack_1-25%_eval","0.594"
"8","0","rzrpza5t","core_simple_1_200_1000_gen_cp_attack_1-25%_eval","0.596"
"8","0","rzrpza5t","core_simple_1_200_1000_gen_cp_attack_1-25%_eval","0.6"
"8","0","rzrpza5t","core_simple_1_200_1000_gen_cp_attack_1-25%_eval","0.604"
"8","0","rzrpza5t","core_simple_1_200_1000_gen_cp_attack_1-25%_eval","0.608"
"8","0","rzrpza5t","core_simple_1_200_1000_gen_cp_attack_1-25%_eval","0.622"
"8","0","rzrpza5t","core_simple_1_200_1000_gen_cp_attack_1-25%_eval","0.626"
"8","0","rzrpza5t","core_simple_1_200_1000_gen_cp_attack_1-25%_eval","0.638"
"8","0","rzrpza5t","core_simple_1_200_1000_gen_cp_attack_1-25%_eval","0.642"
"8","0","rzrpza5t","core_simple_1_200_1000_gen_cp_attack_1-25%_eval","0.65"
"8","0","rzrpza5t","core_simple_1_200_1000_gen_cp_attack_1-25%_eval","0.654"
"8","0","rzrpza5t","core_simple_1_200_1000_gen_cp_attack_1-25%_eval","0.674"
"8","0","rzrpza5t","core_simple_1_200_1000_gen_cp_attack_1-25%_eval","0.68"
"8","0","rzrpza5t","core_simple_1_200_1000_gen_cp_attack_1-25%_eval","0.692"
"8","0","rzrpza5t","core_simple_1_200_1000_gen_cp_attack_1-25%_eval","0.696"
"8","0","rzrpza5t","core_simple_1_200_1000_gen_cp_attack_1-25%_eval","0.706"
"8","0","rzrpza5t","core_simple_1_200_1000_gen_cp_attack_1-25%_eval","0.712"
"8","0","rzrpza5t","core_simple_1_200_1000_gen_cp_attack_1-25%_eval","0.714"
"8","0","rzrpza5t","core_simple_1_200_1000_gen_cp_attack_1-25%_eval","0.718"
"8","0","rzrpza5t","core_simple_1_200_1000_gen_cp_attack_1-25%_eval","0.736"
"8","0","rzrpza5t","core_simple_1_200_1000_gen_cp_attack_1-25%_eval","0.74"
"8","0","rzrpza5t","core_simple_1_200_1000_gen_cp_attack_1-25%_eval","0.784"
"8","0","rzrpza5t","core_simple_1_200_1000_gen_cp_attack_1-25%_eval","0.788"
"8","0","rzrpza5t","core_simple_1_200_1000_gen_cp_attack_1-25%_eval","0.814"
"8","0","rzrpza5t","core_simple_1_200_1000_gen_cp_attack_1-25%_eval","0.818"
"8","0","rzrpza5t","core_simple_1_200_1000_gen_cp_attack_1-25%_eval","0.82"
"8","0","rzrpza5t","core_simple_1_200_1000_gen_cp_attack_1-25%_eval","0.824"
"8","0","rzrpza5t","core_simple_1_200_1000_gen_cp_attack_1-25%_eval","0.828"
"8","0","rzrpza5t","core_simple_1_200_1000_gen_cp_attack_1-25%_eval","0.832"
"8","0","rzrpza5t","core_simple_1_200_1000_gen_cp_attack_1-25%_eval","0.864"
"8","0","rzrpza5t","core_simple_1_200_1000_gen_cp_attack_1-25%_eval","0.868"
"8","0","rzrpza5t","core_simple_1_200_1000_gen_cp_attack_1-25%_eval","0.896"
"8","0","rzrpza5t","core_simple_1_200_1000_gen_cp_attack_1-25%_eval","0.9"
"8","0","rzrpza5t","core_simple_1_200_1000_gen_cp_attack_1-25%_eval","0.908"
"8","0","rzrpza5t","core_simple_1_200_1000_gen_cp_attack_1-25%_eval","0.912"
"8","0","rzrpza5t","core_simple_1_200_1000_gen_cp_attack_1-25%_eval","0.972"
"8","0.002","rzrpza5t","core_simple_1_200_1000_gen_cp_attack_1-25%_eval","0.972"
"8","0.002","rzrpza5t","core_simple_1_200_1000_gen_cp_attack_1-25%_eval","0.976"
"8","0.004","rzrpza5t","core_simple_1_200_1000_gen_cp_attack_1-25%_eval","0.976"
"8","0.004","rzrpza5t","core_simple_1_200_1000_gen_cp_attack_1-25%_eval","0.986"
"8","0.006","rzrpza5t","core_simple_1_200_1000_gen_cp_attack_1-25%_eval","0.986"
"8","0.006","rzrpza5t","core_simple_1_200_1000_gen_cp_attack_1-25%_eval","0.988"
"8","0.01","rzrpza5t","core_simple_1_200_1000_gen_cp_attack_1-25%_eval","0.988"
"8","0.01","rzrpza5t","core_simple_1_200_1000_gen_cp_attack_1-25%_eval","0.99"
"8","0.014","rzrpza5t","core_simple_1_200_1000_gen_cp_attack_1-25%_eval","0.99"
"8","0.018","rzrpza5t","core_simple_1_200_1000_gen_cp_attack_1-25%_eval","0.99"
"8","0.018","rzrpza5t","core_simple_1_200_1000_gen_cp_attack_1-25%_eval","0.992"
"8","0.024","rzrpza5t","core_simple_1_200_1000_gen_cp_attack_1-25%_eval","0.992"
"8","0.028","rzrpza5t","core_simple_1_200_1000_gen_cp_attack_1-25%_eval","0.992"
"8","0.036","rzrpza5t","core_simple_1_200_1000_gen_cp_attack_1-25%_eval","0.992"
"8","0.042","rzrpza5t","core_simple_1_200_1000_gen_cp_attack_1-25%_eval","0.992"
"8","0.046","rzrpza5t","core_simple_1_200_1000_gen_cp_attack_1-25%_eval","0.992"
"8","0.052","rzrpza5t","core_simple_1_200_1000_gen_cp_attack_1-25%_eval","0.992"
"8","0.054","rzrpza5t","core_simple_1_200_1000_gen_cp_attack_1-25%_eval","0.994"
"8","0.054","rzrpza5t","core_simple_1_200_1000_gen_cp_attack_1-25%_eval","0.996"
"8","0.056","rzrpza5t","core_simple_1_200_1000_gen_cp_attack_1-25%_eval","0.996"
"8","0.06","rzrpza5t","core_simple_1_200_1000_gen_cp_attack_1-25%_eval","0.996"
"8","0.062","rzrpza5t","core_simple_1_200_1000_gen_cp_attack_1-25%_eval","0.996"
"8","0.082","rzrpza5t","core_simple_1_200_1000_gen_cp_attack_1-25%_eval","0.996"
"8","0.088","rzrpza5t","core_simple_1_200_1000_gen_cp_attack_1-25%_eval","0.996"
"8","0.094","rzrpza5t","core_simple_1_200_1000_gen_cp_attack_1-25%_eval","0.996"
"8","0.116","rzrpza5t","core_simple_1_200_1000_gen_cp_attack_1-25%_eval","0.996"
"8","0.122","rzrpza5t","core_simple_1_200_1000_gen_cp_attack_1-25%_eval","0.996"
"8","0.128","rzrpza5t","core_simple_1_200_1000_gen_cp_attack_1-25%_eval","0.996"
"8","0.144","rzrpza5t","core_simple_1_200_1000_gen_cp_attack_1-25%_eval","0.996"
"8","0.15","rzrpza5t","core_simple_1_200_1000_gen_cp_attack_1-25%_eval","0.996"
"8","0.152","rzrpza5t","core_simple_1_200_1000_gen_cp_attack_1-25%_eval","0.996"
"8","0.164","rzrpza5t","core_simple_1_200_1000_gen_cp_attack_1-25%_eval","0.996"
"8","0.172","rzrpza5t","core_simple_1_200_1000_gen_cp_attack_1-25%_eval","0.996"
"8","0.18","rzrpza5t","core_simple_1_200_1000_gen_cp_attack_1-25%_eval","0.996"
"8","0.236","rzrpza5t","core_simple_1_200_1000_gen_cp_attack_1-25%_eval","0.996"
"8","0.24","rzrpza5t","core_simple_1_200_1000_gen_cp_attack_1-25%_eval","0.996"
"8","0.244","rzrpza5t","core_simple_1_200_1000_gen_cp_attack_1-25%_eval","0.996"
"8","0.246","rzrpza5t","core_simple_1_200_1000_gen_cp_attack_1-25%_eval","0.996"
"8","0.254","rzrpza5t","core_simple_1_200_1000_gen_cp_attack_1-25%_eval","0.996"
"8","0.256","rzrpza5t","core_simple_1_200_1000_gen_cp_attack_1-25%_eval","0.996"
"8","0.312","rzrpza5t","core_simple_1_200_1000_gen_cp_attack_1-25%_eval","0.996"
"8","0.314","rzrpza5t","core_simple_1_200_1000_gen_cp_attack_1-25%_eval","0.996"
"8","0.324","rzrpza5t","core_simple_1_200_1000_gen_cp_attack_1-25%_eval","0.996"
"8","0.328","rzrpza5t","core_simple_1_200_1000_gen_cp_attack_1-25%_eval","0.996"
"8","0.356","rzrpza5t","core_simple_1_200_1000_gen_cp_attack_1-25%_eval","0.996"
"8","0.362","rzrpza5t","core_simple_1_200_1000_gen_cp_attack_1-25%_eval","0.996"
"8","0.364","rzrpza5t","core_simple_1_200_1000_gen_cp_attack_1-25%_eval","0.996"
"8","0.372","rzrpza5t","core_simple_1_200_1000_gen_cp_attack_1-25%_eval","0.996"
"8","0.374","rzrpza5t","core_simple_1_200_1000_gen_cp_attack_1-25%_eval","0.996"
"8","0.378","rzrpza5t","core_simple_1_200_1000_gen_cp_attack_1-25%_eval","0.996"
"8","0.388","rzrpza5t","core_simple_1_200_1000_gen_cp_attack_1-25%_eval","0.996"
"8","0.39","rzrpza5t","core_simple_1_200_1000_gen_cp_attack_1-25%_eval","0.996"
"8","0.594","rzrpza5t","core_simple_1_200_1000_gen_cp_attack_1-25%_eval","0.996"
"8","0.606","rzrpza5t","core_simple_1_200_1000_gen_cp_attack_1-25%_eval","0.996"
"8","0.61","rzrpza5t","core_simple_1_200_1000_gen_cp_attack_1-25%_eval","0.996"
"8","0.614","rzrpza5t","core_simple_1_200_1000_gen_cp_attack_1-25%_eval","0.996"
"8","0.616","rzrpza5t","core_simple_1_200_1000_gen_cp_attack_1-25%_eval","0.996"
"8","0.622","rzrpza5t","core_simple_1_200_1000_gen_cp_attack_1-25%_eval","0.996"
"8","0.704","rzrpza5t","core_simple_1_200_1000_gen_cp_attack_1-25%_eval","0.996"
"8","0.732","rzrpza5t","core_simple_1_200_1000_gen_cp_attack_1-25%_eval","0.996"
"8","0.756","rzrpza5t","core_simple_1_200_1000_gen_cp_attack_1-25%_eval","0.998"
"8","0.762","rzrpza5t","core_simple_1_200_1000_gen_cp_attack_1-25%_eval","0.998"
"8","0.768","rzrpza5t","core_simple_1_200_1000_gen_cp_attack_1-25%_eval","0.998"
"8","0.776","rzrpza5t","core_simple_1_200_1000_gen_cp_attack_1-25%_eval","0.998"
"8","0.78","rzrpza5t","core_simple_1_200_1000_gen_cp_attack_1-25%_eval","0.998"
"8","0.786","rzrpza5t","core_simple_1_200_1000_gen_cp_attack_1-25%_eval","0.998"
"8","0.788","rzrpza5t","core_simple_1_200_1000_gen_cp_attack_1-25%_eval","0.998"
"8","0.96","rzrpza5t","core_simple_1_200_1000_gen_cp_attack_1-25%_eval","1"
"8","0.964","rzrpza5t","core_simple_1_200_1000_gen_cp_attack_1-25%_eval","1"
"8","0.968","rzrpza5t","core_simple_1_200_1000_gen_cp_attack_1-25%_eval","1"
"8","0.982","rzrpza5t","core_simple_1_200_1000_gen_cp_attack_1-25%_eval","1"
"8","0.988","rzrpza5t","core_simple_1_200_1000_gen_cp_attack_1-25%_eval","1"
"8","1","rzrpza5t","core_simple_1_200_1000_gen_cp_attack_1-25%_eval","1"
"5","0","g2cs5tvw","core_simple_1_200_1000_gpt_p4_eval","0"
"5","0","g2cs5tvw","core_simple_1_200_1000_gpt_p4_eval","0.0019230769230769232"
"5","0","g2cs5tvw","core_simple_1_200_1000_gpt_p4_eval","0.21346153846153845"
"5","0.0019230769230769232","g2cs5tvw","core_simple_1_200_1000_gpt_p4_eval","0.21346153846153845"
"5","0.0019230769230769232","g2cs5tvw","core_simple_1_200_1000_gpt_p4_eval","0.24615384615384617"
"5","0.0038461538461538464","g2cs5tvw","core_simple_1_200_1000_gpt_p4_eval","0.24615384615384617"
"5","0.0038461538461538464","g2cs5tvw","core_simple_1_200_1000_gpt_p4_eval","0.2980769230769231"
"5","0.0038461538461538464","g2cs5tvw","core_simple_1_200_1000_gpt_p4_eval","0.3019230769230769"
"5","0.0038461538461538464","g2cs5tvw","core_simple_1_200_1000_gpt_p4_eval","0.35384615384615387"
"5","0.0038461538461538464","g2cs5tvw","core_simple_1_200_1000_gpt_p4_eval","0.36153846153846153"
"5","0.0038461538461538464","g2cs5tvw","core_simple_1_200_1000_gpt_p4_eval","0.375"
"5","0.0038461538461538464","g2cs5tvw","core_simple_1_200_1000_gpt_p4_eval","0.37884615384615383"
"5","0.0038461538461538464","g2cs5tvw","core_simple_1_200_1000_gpt_p4_eval","0.4"
"5","0.0057692307692307696","g2cs5tvw","core_simple_1_200_1000_gpt_p4_eval","0.4"
"5","0.0057692307692307696","g2cs5tvw","core_simple_1_200_1000_gpt_p4_eval","0.40192307692307694"
"5","0.007692307692307693","g2cs5tvw","core_simple_1_200_1000_gpt_p4_eval","0.40192307692307694"
"5","0.007692307692307693","g2cs5tvw","core_simple_1_200_1000_gpt_p4_eval","0.4115384615384615"
"5","0.009615384615384616","g2cs5tvw","core_simple_1_200_1000_gpt_p4_eval","0.4115384615384615"
"5","0.009615384615384616","g2cs5tvw","core_simple_1_200_1000_gpt_p4_eval","0.4269230769230769"
"5","0.011538461538461539","g2cs5tvw","core_simple_1_200_1000_gpt_p4_eval","0.4269230769230769"
"5","0.011538461538461539","g2cs5tvw","core_simple_1_200_1000_gpt_p4_eval","0.4442307692307692"
"5","0.013461538461538462","g2cs5tvw","core_simple_1_200_1000_gpt_p4_eval","0.4442307692307692"
"5","0.013461538461538462","g2cs5tvw","core_simple_1_200_1000_gpt_p4_eval","0.45576923076923076"
"5","0.01730769230769231","g2cs5tvw","core_simple_1_200_1000_gpt_p4_eval","0.4596153846153846"
"5","0.01730769230769231","g2cs5tvw","core_simple_1_200_1000_gpt_p4_eval","0.4634615384615385"
"5","0.01730769230769231","g2cs5tvw","core_simple_1_200_1000_gpt_p4_eval","0.4673076923076923"
"5","0.01730769230769231","g2cs5tvw","core_simple_1_200_1000_gpt_p4_eval","0.47884615384615387"
"5","0.019230769230769232","g2cs5tvw","core_simple_1_200_1000_gpt_p4_eval","0.47884615384615387"
"5","0.019230769230769232","g2cs5tvw","core_simple_1_200_1000_gpt_p4_eval","0.49038461538461536"
"5","0.021153846153846155","g2cs5tvw","core_simple_1_200_1000_gpt_p4_eval","0.49038461538461536"
"5","0.021153846153846155","g2cs5tvw","core_simple_1_200_1000_gpt_p4_eval","0.5"
"5","0.021153846153846155","g2cs5tvw","core_simple_1_200_1000_gpt_p4_eval","0.5076923076923077"
"5","0.021153846153846155","g2cs5tvw","core_simple_1_200_1000_gpt_p4_eval","0.5115384615384615"
"5","0.023076923076923078","g2cs5tvw","core_simple_1_200_1000_gpt_p4_eval","0.5115384615384615"
"5","0.023076923076923078","g2cs5tvw","core_simple_1_200_1000_gpt_p4_eval","0.5173076923076924"
"5","0.023076923076923078","g2cs5tvw","core_simple_1_200_1000_gpt_p4_eval","0.5211538461538462"
"5","0.026923076923076925","g2cs5tvw","core_simple_1_200_1000_gpt_p4_eval","0.5211538461538462"
"5","0.03461538461538462","g2cs5tvw","core_simple_1_200_1000_gpt_p4_eval","0.5288461538461539"
"5","0.03461538461538462","g2cs5tvw","core_simple_1_200_1000_gpt_p4_eval","0.5384615384615384"
"5","0.03461538461538462","g2cs5tvw","core_simple_1_200_1000_gpt_p4_eval","0.5423076923076923"
"5","0.03653846153846154","g2cs5tvw","core_simple_1_200_1000_gpt_p4_eval","0.5423076923076923"
"5","0.03653846153846154","g2cs5tvw","core_simple_1_200_1000_gpt_p4_eval","0.5461538461538461"
"5","0.038461538461538464","g2cs5tvw","core_simple_1_200_1000_gpt_p4_eval","0.5461538461538461"
"5","0.038461538461538464","g2cs5tvw","core_simple_1_200_1000_gpt_p4_eval","0.551923076923077"
"5","0.04038461538461539","g2cs5tvw","core_simple_1_200_1000_gpt_p4_eval","0.551923076923077"
"5","0.04038461538461539","g2cs5tvw","core_simple_1_200_1000_gpt_p4_eval","0.5538461538461539"
"5","0.04423076923076923","g2cs5tvw","core_simple_1_200_1000_gpt_p4_eval","0.5615384615384615"
"5","0.04423076923076923","g2cs5tvw","core_simple_1_200_1000_gpt_p4_eval","0.5673076923076923"
"5","0.046153846153846156","g2cs5tvw","core_simple_1_200_1000_gpt_p4_eval","0.573076923076923"
"5","0.04807692307692308","g2cs5tvw","core_simple_1_200_1000_gpt_p4_eval","0.573076923076923"
"5","0.04807692307692308","g2cs5tvw","core_simple_1_200_1000_gpt_p4_eval","0.5769230769230769"
"5","0.05","g2cs5tvw","core_simple_1_200_1000_gpt_p4_eval","0.5769230769230769"
"5","0.05","g2cs5tvw","core_simple_1_200_1000_gpt_p4_eval","0.5788461538461539"
"5","0.051923076923076926","g2cs5tvw","core_simple_1_200_1000_gpt_p4_eval","0.5846153846153846"
"5","0.051923076923076926","g2cs5tvw","core_simple_1_200_1000_gpt_p4_eval","0.5865384615384616"
"5","0.051923076923076926","g2cs5tvw","core_simple_1_200_1000_gpt_p4_eval","0.5903846153846154"
"5","0.051923076923076926","g2cs5tvw","core_simple_1_200_1000_gpt_p4_eval","0.5923076923076923"
"5","0.05384615384615385","g2cs5tvw","core_simple_1_200_1000_gpt_p4_eval","0.5942307692307692"
"5","0.057692307692307696","g2cs5tvw","core_simple_1_200_1000_gpt_p4_eval","0.5980769230769231"
"5","0.05961538461538462","g2cs5tvw","core_simple_1_200_1000_gpt_p4_eval","0.6038461538461538"
"5","0.05961538461538462","g2cs5tvw","core_simple_1_200_1000_gpt_p4_eval","0.6115384615384616"
"5","0.07884615384615384","g2cs5tvw","core_simple_1_200_1000_gpt_p4_eval","0.6173076923076923"
"5","0.07884615384615384","g2cs5tvw","core_simple_1_200_1000_gpt_p4_eval","0.6192307692307693"
"5","0.07884615384615384","g2cs5tvw","core_simple_1_200_1000_gpt_p4_eval","0.6230769230769231"
"5","0.07884615384615384","g2cs5tvw","core_simple_1_200_1000_gpt_p4_eval","0.6269230769230769"
"5","0.08076923076923077","g2cs5tvw","core_simple_1_200_1000_gpt_p4_eval","0.6269230769230769"
"5","0.08269230769230769","g2cs5tvw","core_simple_1_200_1000_gpt_p4_eval","0.6288461538461538"
"5","0.08269230769230769","g2cs5tvw","core_simple_1_200_1000_gpt_p4_eval","0.6307692307692307"
"5","0.08461538461538462","g2cs5tvw","core_simple_1_200_1000_gpt_p4_eval","0.6307692307692307"
"5","0.08461538461538462","g2cs5tvw","core_simple_1_200_1000_gpt_p4_eval","0.6326923076923077"
"5","0.09038461538461538","g2cs5tvw","core_simple_1_200_1000_gpt_p4_eval","0.6384615384615384"
"5","0.09038461538461538","g2cs5tvw","core_simple_1_200_1000_gpt_p4_eval","0.6442307692307693"
"5","0.11153846153846154","g2cs5tvw","core_simple_1_200_1000_gpt_p4_eval","0.65"
"5","0.11730769230769231","g2cs5tvw","core_simple_1_200_1000_gpt_p4_eval","0.65"
"5","0.11923076923076924","g2cs5tvw","core_simple_1_200_1000_gpt_p4_eval","0.65"
"5","0.11923076923076924","g2cs5tvw","core_simple_1_200_1000_gpt_p4_eval","0.6576923076923077"
"5","0.12307692307692308","g2cs5tvw","core_simple_1_200_1000_gpt_p4_eval","0.6576923076923077"
"5","0.12307692307692308","g2cs5tvw","core_simple_1_200_1000_gpt_p4_eval","0.6596153846153846"
"5","0.13846153846153847","g2cs5tvw","core_simple_1_200_1000_gpt_p4_eval","0.6596153846153846"
"5","0.13846153846153847","g2cs5tvw","core_simple_1_200_1000_gpt_p4_eval","0.6615384615384615"
"5","0.14423076923076922","g2cs5tvw","core_simple_1_200_1000_gpt_p4_eval","0.6634615384615384"
"5","0.14423076923076922","g2cs5tvw","core_simple_1_200_1000_gpt_p4_eval","0.6653846153846154"
"5","0.14615384615384616","g2cs5tvw","core_simple_1_200_1000_gpt_p4_eval","0.6653846153846154"
"5","0.1576923076923077","g2cs5tvw","core_simple_1_200_1000_gpt_p4_eval","0.6711538461538461"
"5","0.16538461538461538","g2cs5tvw","core_simple_1_200_1000_gpt_p4_eval","0.6711538461538461"
"5","0.16538461538461538","g2cs5tvw","core_simple_1_200_1000_gpt_p4_eval","0.675"
"5","0.1673076923076923","g2cs5tvw","core_simple_1_200_1000_gpt_p4_eval","0.675"
"5","0.1673076923076923","g2cs5tvw","core_simple_1_200_1000_gpt_p4_eval","0.676923076923077"
"5","0.17307692307692307","g2cs5tvw","core_simple_1_200_1000_gpt_p4_eval","0.676923076923077"
"5","0.2326923076923077","g2cs5tvw","core_simple_1_200_1000_gpt_p4_eval","0.698076923076923"
"5","0.2326923076923077","g2cs5tvw","core_simple_1_200_1000_gpt_p4_eval","0.7"
"5","0.23461538461538461","g2cs5tvw","core_simple_1_200_1000_gpt_p4_eval","0.7"
"5","0.23461538461538461","g2cs5tvw","core_simple_1_200_1000_gpt_p4_eval","0.7057692307692308"
"5","0.23846153846153847","g2cs5tvw","core_simple_1_200_1000_gpt_p4_eval","0.7057692307692308"
"5","0.2423076923076923","g2cs5tvw","core_simple_1_200_1000_gpt_p4_eval","0.7057692307692308"
"5","0.2423076923076923","g2cs5tvw","core_simple_1_200_1000_gpt_p4_eval","0.7076923076923077"
"5","0.24423076923076922","g2cs5tvw","core_simple_1_200_1000_gpt_p4_eval","0.7076923076923077"
"5","0.24807692307692308","g2cs5tvw","core_simple_1_200_1000_gpt_p4_eval","0.7076923076923077"
"5","0.24807692307692308","g2cs5tvw","core_simple_1_200_1000_gpt_p4_eval","0.7115384615384616"
"5","0.25384615384615383","g2cs5tvw","core_simple_1_200_1000_gpt_p4_eval","0.7173076923076923"
"5","0.25384615384615383","g2cs5tvw","core_simple_1_200_1000_gpt_p4_eval","0.7211538461538461"
"5","0.25576923076923075","g2cs5tvw","core_simple_1_200_1000_gpt_p4_eval","0.7230769230769231"
"5","0.25576923076923075","g2cs5tvw","core_simple_1_200_1000_gpt_p4_eval","0.725"
"5","0.3096153846153846","g2cs5tvw","core_simple_1_200_1000_gpt_p4_eval","0.7384615384615385"
"5","0.3096153846153846","g2cs5tvw","core_simple_1_200_1000_gpt_p4_eval","0.7403846153846154"
"5","0.31153846153846154","g2cs5tvw","core_simple_1_200_1000_gpt_p4_eval","0.7403846153846154"
"5","0.3211538461538462","g2cs5tvw","core_simple_1_200_1000_gpt_p4_eval","0.7403846153846154"
"5","0.325","g2cs5tvw","core_simple_1_200_1000_gpt_p4_eval","0.7403846153846154"
"5","0.35192307692307695","g2cs5tvw","core_simple_1_200_1000_gpt_p4_eval","0.7480769230769231"
"5","0.3576923076923077","g2cs5tvw","core_simple_1_200_1000_gpt_p4_eval","0.75"
"5","0.3576923076923077","g2cs5tvw","core_simple_1_200_1000_gpt_p4_eval","0.7519230769230769"
"5","0.3596153846153846","g2cs5tvw","core_simple_1_200_1000_gpt_p4_eval","0.7519230769230769"
"5","0.36730769230769234","g2cs5tvw","core_simple_1_200_1000_gpt_p4_eval","0.7519230769230769"
"5","0.36730769230769234","g2cs5tvw","core_simple_1_200_1000_gpt_p4_eval","0.7538461538461538"
"5","0.36923076923076925","g2cs5tvw","core_simple_1_200_1000_gpt_p4_eval","0.7538461538461538"
"5","0.3730769230769231","g2cs5tvw","core_simple_1_200_1000_gpt_p4_eval","0.7557692307692307"
"5","0.38461538461538464","g2cs5tvw","core_simple_1_200_1000_gpt_p4_eval","0.7576923076923077"
"5","0.38653846153846155","g2cs5tvw","core_simple_1_200_1000_gpt_p4_eval","0.7596153846153846"
"5","0.5923076923076923","g2cs5tvw","core_simple_1_200_1000_gpt_p4_eval","0.7942307692307692"
"5","0.5923076923076923","g2cs5tvw","core_simple_1_200_1000_gpt_p4_eval","0.7980769230769231"
"5","0.6038461538461538","g2cs5tvw","core_simple_1_200_1000_gpt_p4_eval","0.801923076923077"
"5","0.6057692307692307","g2cs5tvw","core_simple_1_200_1000_gpt_p4_eval","0.8038461538461539"
"5","0.6057692307692307","g2cs5tvw","core_simple_1_200_1000_gpt_p4_eval","0.8076923076923077"
"5","0.6076923076923076","g2cs5tvw","core_simple_1_200_1000_gpt_p4_eval","0.8096153846153846"
"5","0.6115384615384616","g2cs5tvw","core_simple_1_200_1000_gpt_p4_eval","0.8096153846153846"
"5","0.6134615384615385","g2cs5tvw","core_simple_1_200_1000_gpt_p4_eval","0.8096153846153846"
"5","0.6153846153846154","g2cs5tvw","core_simple_1_200_1000_gpt_p4_eval","0.8115384615384615"
"5","0.6153846153846154","g2cs5tvw","core_simple_1_200_1000_gpt_p4_eval","0.8134615384615385"
"5","0.6211538461538462","g2cs5tvw","core_simple_1_200_1000_gpt_p4_eval","0.8153846153846154"
"5","0.7019230769230769","g2cs5tvw","core_simple_1_200_1000_gpt_p4_eval","0.8346153846153846"
"5","0.7019230769230769","g2cs5tvw","core_simple_1_200_1000_gpt_p4_eval","0.8365384615384616"
"5","0.7307692307692307","g2cs5tvw","core_simple_1_200_1000_gpt_p4_eval","0.8403846153846154"
"5","0.7538461538461538","g2cs5tvw","core_simple_1_200_1000_gpt_p4_eval","0.8480769230769231"
"5","0.7596153846153846","g2cs5tvw","core_simple_1_200_1000_gpt_p4_eval","0.85"
"5","0.7615384615384615","g2cs5tvw","core_simple_1_200_1000_gpt_p4_eval","0.85"
"5","0.7615384615384615","g2cs5tvw","core_simple_1_200_1000_gpt_p4_eval","0.8538461538461538"
"5","0.7634615384615384","g2cs5tvw","core_simple_1_200_1000_gpt_p4_eval","0.8538461538461538"
"5","0.7634615384615384","g2cs5tvw","core_simple_1_200_1000_gpt_p4_eval","0.8576923076923076"
"5","0.7653846153846153","g2cs5tvw","core_simple_1_200_1000_gpt_p4_eval","0.8596153846153847"
"5","0.7730769230769231","g2cs5tvw","core_simple_1_200_1000_gpt_p4_eval","0.8596153846153847"
"5","0.7730769230769231","g2cs5tvw","core_simple_1_200_1000_gpt_p4_eval","0.8615384615384616"
"5","0.775","g2cs5tvw","core_simple_1_200_1000_gpt_p4_eval","0.8615384615384616"
"5","0.7769230769230769","g2cs5tvw","core_simple_1_200_1000_gpt_p4_eval","0.8634615384615385"
"5","0.7826923076923077","g2cs5tvw","core_simple_1_200_1000_gpt_p4_eval","0.8634615384615385"
"5","0.7846153846153846","g2cs5tvw","core_simple_1_200_1000_gpt_p4_eval","0.8634615384615385"
"5","0.9576923076923077","g2cs5tvw","core_simple_1_200_1000_gpt_p4_eval","0.9307692307692308"
"5","0.9596153846153846","g2cs5tvw","core_simple_1_200_1000_gpt_p4_eval","0.9307692307692308"
"5","0.9596153846153846","g2cs5tvw","core_simple_1_200_1000_gpt_p4_eval","0.9326923076923077"
"5","0.9634615384615385","g2cs5tvw","core_simple_1_200_1000_gpt_p4_eval","0.9326923076923077"
"5","0.9673076923076923","g2cs5tvw","core_simple_1_200_1000_gpt_p4_eval","0.9365384615384615"
"5","0.9673076923076923","g2cs5tvw","core_simple_1_200_1000_gpt_p4_eval","0.9423076923076923"
"5","0.9826923076923076","g2cs5tvw","core_simple_1_200_1000_gpt_p4_eval","0.95"
"5","0.9846153846153847","g2cs5tvw","core_simple_1_200_1000_gpt_p4_eval","0.9557692307692308"
"5","0.9846153846153847","g2cs5tvw","core_simple_1_200_1000_gpt_p4_eval","0.9576923076923077"
"5","0.9865384615384616","g2cs5tvw","core_simple_1_200_1000_gpt_p4_eval","0.9576923076923077"
"5","0.9865384615384616","g2cs5tvw","core_simple_1_200_1000_gpt_p4_eval","0.9596153846153846"
"5","0.9884615384615385","g2cs5tvw","core_simple_1_200_1000_gpt_p4_eval","0.9596153846153846"
"5","0.9884615384615385","g2cs5tvw","core_simple_1_200_1000_gpt_p4_eval","0.9634615384615385"
"5","1","g2cs5tvw","core_simple_1_200_1000_gpt_p4_eval","0.9961538461538462"
"5","1","g2cs5tvw","core_simple_1_200_1000_gpt_p4_eval","1"
"4","0","62luh543","core_simple_1_200_1000_gen_cp_attack_1-10%_eval","0"
"4","0","62luh543","core_simple_1_200_1000_gen_cp_attack_1-10%_eval","0.002"
"4","0","62luh543","core_simple_1_200_1000_gen_cp_attack_1-10%_eval","0.032"
"4","0","62luh543","core_simple_1_200_1000_gen_cp_attack_1-10%_eval","0.036"
"4","0","62luh543","core_simple_1_200_1000_gen_cp_attack_1-10%_eval","0.056"
"4","0","62luh543","core_simple_1_200_1000_gen_cp_attack_1-10%_eval","0.06"
"4","0","62luh543","core_simple_1_200_1000_gen_cp_attack_1-10%_eval","0.072"
"4","0","62luh543","core_simple_1_200_1000_gen_cp_attack_1-10%_eval","0.076"
"4","0","62luh543","core_simple_1_200_1000_gen_cp_attack_1-10%_eval","0.084"
"4","0","62luh543","core_simple_1_200_1000_gen_cp_attack_1-10%_eval","0.088"
"4","0","62luh543","core_simple_1_200_1000_gen_cp_attack_1-10%_eval","0.09"
"4","0","62luh543","core_simple_1_200_1000_gen_cp_attack_1-10%_eval","0.094"
"4","0","62luh543","core_simple_1_200_1000_gen_cp_attack_1-10%_eval","0.114"
"4","0","62luh543","core_simple_1_200_1000_gen_cp_attack_1-10%_eval","0.118"
"4","0","62luh543","core_simple_1_200_1000_gen_cp_attack_1-10%_eval","0.13"
"4","0","62luh543","core_simple_1_200_1000_gen_cp_attack_1-10%_eval","0.138"
"4","0","62luh543","core_simple_1_200_1000_gen_cp_attack_1-10%_eval","0.15"
"4","0","62luh543","core_simple_1_200_1000_gen_cp_attack_1-10%_eval","0.154"
"4","0","62luh543","core_simple_1_200_1000_gen_cp_attack_1-10%_eval","0.176"
"4","0","62luh543","core_simple_1_200_1000_gen_cp_attack_1-10%_eval","0.18"
"4","0","62luh543","core_simple_1_200_1000_gen_cp_attack_1-10%_eval","0.184"
"4","0","62luh543","core_simple_1_200_1000_gen_cp_attack_1-10%_eval","0.188"
"4","0","62luh543","core_simple_1_200_1000_gen_cp_attack_1-10%_eval","0.202"
"4","0","62luh543","core_simple_1_200_1000_gen_cp_attack_1-10%_eval","0.206"
"4","0","62luh543","core_simple_1_200_1000_gen_cp_attack_1-10%_eval","0.208"
"4","0","62luh543","core_simple_1_200_1000_gen_cp_attack_1-10%_eval","0.212"
"4","0","62luh543","core_simple_1_200_1000_gen_cp_attack_1-10%_eval","0.216"
"4","0","62luh543","core_simple_1_200_1000_gen_cp_attack_1-10%_eval","0.22"
"4","0","62luh543","core_simple_1_200_1000_gen_cp_attack_1-10%_eval","0.228"
"4","0","62luh543","core_simple_1_200_1000_gen_cp_attack_1-10%_eval","0.232"
"4","0","62luh543","core_simple_1_200_1000_gen_cp_attack_1-10%_eval","0.246"
"4","0","62luh543","core_simple_1_200_1000_gen_cp_attack_1-10%_eval","0.254"
"4","0","62luh543","core_simple_1_200_1000_gen_cp_attack_1-10%_eval","0.262"
"4","0","62luh543","core_simple_1_200_1000_gen_cp_attack_1-10%_eval","0.266"
"4","0","62luh543","core_simple_1_200_1000_gen_cp_attack_1-10%_eval","0.268"
"4","0","62luh543","core_simple_1_200_1000_gen_cp_attack_1-10%_eval","0.272"
"4","0","62luh543","core_simple_1_200_1000_gen_cp_attack_1-10%_eval","0.282"
"4","0","62luh543","core_simple_1_200_1000_gen_cp_attack_1-10%_eval","0.29"
"4","0","62luh543","core_simple_1_200_1000_gen_cp_attack_1-10%_eval","0.292"
"4","0","62luh543","core_simple_1_200_1000_gen_cp_attack_1-10%_eval","0.296"
"4","0","62luh543","core_simple_1_200_1000_gen_cp_attack_1-10%_eval","0.3"
"4","0","62luh543","core_simple_1_200_1000_gen_cp_attack_1-10%_eval","0.304"
"4","0","62luh543","core_simple_1_200_1000_gen_cp_attack_1-10%_eval","0.308"
"4","0","62luh543","core_simple_1_200_1000_gen_cp_attack_1-10%_eval","0.312"
"4","0","62luh543","core_simple_1_200_1000_gen_cp_attack_1-10%_eval","0.32"
"4","0","62luh543","core_simple_1_200_1000_gen_cp_attack_1-10%_eval","0.324"
"4","0","62luh543","core_simple_1_200_1000_gen_cp_attack_1-10%_eval","0.334"
"4","0","62luh543","core_simple_1_200_1000_gen_cp_attack_1-10%_eval","0.342"
"4","0","62luh543","core_simple_1_200_1000_gen_cp_attack_1-10%_eval","0.344"
"4","0","62luh543","core_simple_1_200_1000_gen_cp_attack_1-10%_eval","0.348"
"4","0","62luh543","core_simple_1_200_1000_gen_cp_attack_1-10%_eval","0.35"
"4","0","62luh543","core_simple_1_200_1000_gen_cp_attack_1-10%_eval","0.358"
"4","0","62luh543","core_simple_1_200_1000_gen_cp_attack_1-10%_eval","0.364"
"4","0","62luh543","core_simple_1_200_1000_gen_cp_attack_1-10%_eval","0.368"
"4","0","62luh543","core_simple_1_200_1000_gen_cp_attack_1-10%_eval","0.386"
"4","0","62luh543","core_simple_1_200_1000_gen_cp_attack_1-10%_eval","0.392"
"4","0","62luh543","core_simple_1_200_1000_gen_cp_attack_1-10%_eval","0.398"
"4","0","62luh543","core_simple_1_200_1000_gen_cp_attack_1-10%_eval","0.404"
"4","0","62luh543","core_simple_1_200_1000_gen_cp_attack_1-10%_eval","0.406"
"4","0","62luh543","core_simple_1_200_1000_gen_cp_attack_1-10%_eval","0.414"
"4","0","62luh543","core_simple_1_200_1000_gen_cp_attack_1-10%_eval","0.442"
"4","0","62luh543","core_simple_1_200_1000_gen_cp_attack_1-10%_eval","0.446"
"4","0","62luh543","core_simple_1_200_1000_gen_cp_attack_1-10%_eval","0.448"
"4","0","62luh543","core_simple_1_200_1000_gen_cp_attack_1-10%_eval","0.454"
"4","0","62luh543","core_simple_1_200_1000_gen_cp_attack_1-10%_eval","0.456"
"4","0","62luh543","core_simple_1_200_1000_gen_cp_attack_1-10%_eval","0.462"
"4","0","62luh543","core_simple_1_200_1000_gen_cp_attack_1-10%_eval","0.47"
"4","0","62luh543","core_simple_1_200_1000_gen_cp_attack_1-10%_eval","0.478"
"4","0","62luh543","core_simple_1_200_1000_gen_cp_attack_1-10%_eval","0.484"
"4","0","62luh543","core_simple_1_200_1000_gen_cp_attack_1-10%_eval","0.488"
"4","0","62luh543","core_simple_1_200_1000_gen_cp_attack_1-10%_eval","0.49"
"4","0","62luh543","core_simple_1_200_1000_gen_cp_attack_1-10%_eval","0.494"
"4","0","62luh543","core_simple_1_200_1000_gen_cp_attack_1-10%_eval","0.506"
"4","0","62luh543","core_simple_1_200_1000_gen_cp_attack_1-10%_eval","0.518"
"4","0","62luh543","core_simple_1_200_1000_gen_cp_attack_1-10%_eval","0.524"
"4","0","62luh543","core_simple_1_200_1000_gen_cp_attack_1-10%_eval","0.528"
"4","0","62luh543","core_simple_1_200_1000_gen_cp_attack_1-10%_eval","0.532"
"4","0","62luh543","core_simple_1_200_1000_gen_cp_attack_1-10%_eval","0.534"
"4","0","62luh543","core_simple_1_200_1000_gen_cp_attack_1-10%_eval","0.54"
"4","0","62luh543","core_simple_1_200_1000_gen_cp_attack_1-10%_eval","0.544"
"4","0","62luh543","core_simple_1_200_1000_gen_cp_attack_1-10%_eval","0.548"
"4","0","62luh543","core_simple_1_200_1000_gen_cp_attack_1-10%_eval","0.562"
"4","0","62luh543","core_simple_1_200_1000_gen_cp_attack_1-10%_eval","0.57"
"4","0","62luh543","core_simple_1_200_1000_gen_cp_attack_1-10%_eval","0.574"
"4","0","62luh543","core_simple_1_200_1000_gen_cp_attack_1-10%_eval","0.578"
"4","0","62luh543","core_simple_1_200_1000_gen_cp_attack_1-10%_eval","0.586"
"4","0","62luh543","core_simple_1_200_1000_gen_cp_attack_1-10%_eval","0.598"
"4","0","62luh543","core_simple_1_200_1000_gen_cp_attack_1-10%_eval","0.608"
"4","0.002","62luh543","core_simple_1_200_1000_gen_cp_attack_1-10%_eval","0.608"
"4","0.002","62luh543","core_simple_1_200_1000_gen_cp_attack_1-10%_eval","0.628"
"4","0.002","62luh543","core_simple_1_200_1000_gen_cp_attack_1-10%_eval","0.632"
"4","0.002","62luh543","core_simple_1_200_1000_gen_cp_attack_1-10%_eval","0.638"
"4","0.002","62luh543","core_simple_1_200_1000_gen_cp_attack_1-10%_eval","0.642"
"4","0.002","62luh543","core_simple_1_200_1000_gen_cp_attack_1-10%_eval","0.664"
"4","0.002","62luh543","core_simple_1_200_1000_gen_cp_attack_1-10%_eval","0.668"
"4","0.002","62luh543","core_simple_1_200_1000_gen_cp_attack_1-10%_eval","0.67"
"4","0.002","62luh543","core_simple_1_200_1000_gen_cp_attack_1-10%_eval","0.674"
"4","0.002","62luh543","core_simple_1_200_1000_gen_cp_attack_1-10%_eval","0.682"
"4","0.002","62luh543","core_simple_1_200_1000_gen_cp_attack_1-10%_eval","0.688"
"4","0.002","62luh543","core_simple_1_200_1000_gen_cp_attack_1-10%_eval","0.7"
"4","0.002","62luh543","core_simple_1_200_1000_gen_cp_attack_1-10%_eval","0.704"
"4","0.002","62luh543","core_simple_1_200_1000_gen_cp_attack_1-10%_eval","0.706"
"4","0.004","62luh543","core_simple_1_200_1000_gen_cp_attack_1-10%_eval","0.706"
"4","0.004","62luh543","core_simple_1_200_1000_gen_cp_attack_1-10%_eval","0.712"
"4","0.004","62luh543","core_simple_1_200_1000_gen_cp_attack_1-10%_eval","0.718"
"4","0.004","62luh543","core_simple_1_200_1000_gen_cp_attack_1-10%_eval","0.738"
"4","0.004","62luh543","core_simple_1_200_1000_gen_cp_attack_1-10%_eval","0.742"
"4","0.004","62luh543","core_simple_1_200_1000_gen_cp_attack_1-10%_eval","0.748"
"4","0.004","62luh543","core_simple_1_200_1000_gen_cp_attack_1-10%_eval","0.764"
"4","0.004","62luh543","core_simple_1_200_1000_gen_cp_attack_1-10%_eval","0.768"
"4","0.004","62luh543","core_simple_1_200_1000_gen_cp_attack_1-10%_eval","0.776"
"4","0.004","62luh543","core_simple_1_200_1000_gen_cp_attack_1-10%_eval","0.78"
"4","0.004","62luh543","core_simple_1_200_1000_gen_cp_attack_1-10%_eval","0.782"
"4","0.004","62luh543","core_simple_1_200_1000_gen_cp_attack_1-10%_eval","0.786"
"4","0.004","62luh543","core_simple_1_200_1000_gen_cp_attack_1-10%_eval","0.792"
"4","0.004","62luh543","core_simple_1_200_1000_gen_cp_attack_1-10%_eval","0.796"
"4","0.004","62luh543","core_simple_1_200_1000_gen_cp_attack_1-10%_eval","0.808"
"4","0.004","62luh543","core_simple_1_200_1000_gen_cp_attack_1-10%_eval","0.812"
"4","0.004","62luh543","core_simple_1_200_1000_gen_cp_attack_1-10%_eval","0.818"
"4","0.004","62luh543","core_simple_1_200_1000_gen_cp_attack_1-10%_eval","0.822"
"4","0.004","62luh543","core_simple_1_200_1000_gen_cp_attack_1-10%_eval","0.832"
"4","0.004","62luh543","core_simple_1_200_1000_gen_cp_attack_1-10%_eval","0.836"
"4","0.004","62luh543","core_simple_1_200_1000_gen_cp_attack_1-10%_eval","0.852"
"4","0.004","62luh543","core_simple_1_200_1000_gen_cp_attack_1-10%_eval","0.86"
"4","0.004","62luh543","core_simple_1_200_1000_gen_cp_attack_1-10%_eval","0.914"
"4","0.004","62luh543","core_simple_1_200_1000_gen_cp_attack_1-10%_eval","0.918"
"4","0.006","62luh543","core_simple_1_200_1000_gen_cp_attack_1-10%_eval","0.918"
"4","0.008","62luh543","core_simple_1_200_1000_gen_cp_attack_1-10%_eval","0.92"
"4","0.008","62luh543","core_simple_1_200_1000_gen_cp_attack_1-10%_eval","0.924"
"4","0.01","62luh543","core_simple_1_200_1000_gen_cp_attack_1-10%_eval","0.924"
"4","0.01","62luh543","core_simple_1_200_1000_gen_cp_attack_1-10%_eval","0.928"
"4","0.01","62luh543","core_simple_1_200_1000_gen_cp_attack_1-10%_eval","0.932"
"4","0.01","62luh543","core_simple_1_200_1000_gen_cp_attack_1-10%_eval","0.936"
"4","0.012","62luh543","core_simple_1_200_1000_gen_cp_attack_1-10%_eval","0.936"
"4","0.012","62luh543","core_simple_1_200_1000_gen_cp_attack_1-10%_eval","0.944"
"4","0.014","62luh543","core_simple_1_200_1000_gen_cp_attack_1-10%_eval","0.944"
"4","0.014","62luh543","core_simple_1_200_1000_gen_cp_attack_1-10%_eval","0.95"
"4","0.018","62luh543","core_simple_1_200_1000_gen_cp_attack_1-10%_eval","0.95"
"4","0.018","62luh543","core_simple_1_200_1000_gen_cp_attack_1-10%_eval","0.958"
"4","0.02","62luh543","core_simple_1_200_1000_gen_cp_attack_1-10%_eval","0.958"
"4","0.02","62luh543","core_simple_1_200_1000_gen_cp_attack_1-10%_eval","0.96"
"4","0.022","62luh543","core_simple_1_200_1000_gen_cp_attack_1-10%_eval","0.96"
"4","0.022","62luh543","core_simple_1_200_1000_gen_cp_attack_1-10%_eval","0.962"
"4","0.024","62luh543","core_simple_1_200_1000_gen_cp_attack_1-10%_eval","0.962"
"4","0.024","62luh543","core_simple_1_200_1000_gen_cp_attack_1-10%_eval","0.964"
"4","0.028","62luh543","core_simple_1_200_1000_gen_cp_attack_1-10%_eval","0.964"
"4","0.036","62luh543","core_simple_1_200_1000_gen_cp_attack_1-10%_eval","0.964"
"4","0.036","62luh543","core_simple_1_200_1000_gen_cp_attack_1-10%_eval","0.966"
"4","0.04","62luh543","core_simple_1_200_1000_gen_cp_attack_1-10%_eval","0.966"
"4","0.04","62luh543","core_simple_1_200_1000_gen_cp_attack_1-10%_eval","0.97"
"4","0.042","62luh543","core_simple_1_200_1000_gen_cp_attack_1-10%_eval","0.97"
"4","0.046","62luh543","core_simple_1_200_1000_gen_cp_attack_1-10%_eval","0.97"
"4","0.046","62luh543","core_simple_1_200_1000_gen_cp_attack_1-10%_eval","0.972"
"4","0.05","62luh543","core_simple_1_200_1000_gen_cp_attack_1-10%_eval","0.972"
"4","0.05","62luh543","core_simple_1_200_1000_gen_cp_attack_1-10%_eval","0.974"
"4","0.052","62luh543","core_simple_1_200_1000_gen_cp_attack_1-10%_eval","0.974"
"4","0.052","62luh543","core_simple_1_200_1000_gen_cp_attack_1-10%_eval","0.976"
"4","0.054","62luh543","core_simple_1_200_1000_gen_cp_attack_1-10%_eval","0.978"
"4","0.056","62luh543","core_simple_1_200_1000_gen_cp_attack_1-10%_eval","0.978"
"4","0.06","62luh543","core_simple_1_200_1000_gen_cp_attack_1-10%_eval","0.978"
"4","0.062","62luh543","core_simple_1_200_1000_gen_cp_attack_1-10%_eval","0.978"
"4","0.082","62luh543","core_simple_1_200_1000_gen_cp_attack_1-10%_eval","0.978"
"4","0.088","62luh543","core_simple_1_200_1000_gen_cp_attack_1-10%_eval","0.978"
"4","0.094","62luh543","core_simple_1_200_1000_gen_cp_attack_1-10%_eval","0.978"
"4","0.116","62luh543","core_simple_1_200_1000_gen_cp_attack_1-10%_eval","0.98"
"4","0.122","62luh543","core_simple_1_200_1000_gen_cp_attack_1-10%_eval","0.98"
"4","0.128","62luh543","core_simple_1_200_1000_gen_cp_attack_1-10%_eval","0.98"
"4","0.144","62luh543","core_simple_1_200_1000_gen_cp_attack_1-10%_eval","0.98"
"4","0.15","62luh543","core_simple_1_200_1000_gen_cp_attack_1-10%_eval","0.982"
"4","0.152","62luh543","core_simple_1_200_1000_gen_cp_attack_1-10%_eval","0.982"
"4","0.164","62luh543","core_simple_1_200_1000_gen_cp_attack_1-10%_eval","0.982"
"4","0.172","62luh543","core_simple_1_200_1000_gen_cp_attack_1-10%_eval","0.982"
"4","0.174","62luh543","core_simple_1_200_1000_gen_cp_attack_1-10%_eval","0.984"
"4","0.18","62luh543","core_simple_1_200_1000_gen_cp_attack_1-10%_eval","0.984"
"4","0.18","62luh543","core_simple_1_200_1000_gen_cp_attack_1-10%_eval","0.986"
"4","0.236","62luh543","core_simple_1_200_1000_gen_cp_attack_1-10%_eval","0.988"
"4","0.24","62luh543","core_simple_1_200_1000_gen_cp_attack_1-10%_eval","0.988"
"4","0.244","62luh543","core_simple_1_200_1000_gen_cp_attack_1-10%_eval","0.988"
"4","0.246","62luh543","core_simple_1_200_1000_gen_cp_attack_1-10%_eval","0.988"
"4","0.25","62luh543","core_simple_1_200_1000_gen_cp_attack_1-10%_eval","0.99"
"4","0.254","62luh543","core_simple_1_200_1000_gen_cp_attack_1-10%_eval","0.99"
"4","0.256","62luh543","core_simple_1_200_1000_gen_cp_attack_1-10%_eval","0.99"
"4","0.312","62luh543","core_simple_1_200_1000_gen_cp_attack_1-10%_eval","0.992"
"4","0.314","62luh543","core_simple_1_200_1000_gen_cp_attack_1-10%_eval","0.992"
"4","0.324","62luh543","core_simple_1_200_1000_gen_cp_attack_1-10%_eval","0.992"
"4","0.328","62luh543","core_simple_1_200_1000_gen_cp_attack_1-10%_eval","0.992"
"4","0.356","62luh543","core_simple_1_200_1000_gen_cp_attack_1-10%_eval","0.992"
"4","0.362","62luh543","core_simple_1_200_1000_gen_cp_attack_1-10%_eval","0.992"
"4","0.364","62luh543","core_simple_1_200_1000_gen_cp_attack_1-10%_eval","0.992"
"4","0.372","62luh543","core_simple_1_200_1000_gen_cp_attack_1-10%_eval","0.992"
"4","0.374","62luh543","core_simple_1_200_1000_gen_cp_attack_1-10%_eval","0.992"
"4","0.378","62luh543","core_simple_1_200_1000_gen_cp_attack_1-10%_eval","0.992"
"4","0.388","62luh543","core_simple_1_200_1000_gen_cp_attack_1-10%_eval","0.992"
"4","0.39","62luh543","core_simple_1_200_1000_gen_cp_attack_1-10%_eval","0.992"
"4","0.594","62luh543","core_simple_1_200_1000_gen_cp_attack_1-10%_eval","0.994"
"4","0.594","62luh543","core_simple_1_200_1000_gen_cp_attack_1-10%_eval","0.996"
"4","0.606","62luh543","core_simple_1_200_1000_gen_cp_attack_1-10%_eval","0.996"
"4","0.61","62luh543","core_simple_1_200_1000_gen_cp_attack_1-10%_eval","0.996"
"4","0.614","62luh543","core_simple_1_200_1000_gen_cp_attack_1-10%_eval","0.996"
"4","0.616","62luh543","core_simple_1_200_1000_gen_cp_attack_1-10%_eval","0.996"
"4","0.622","62luh543","core_simple_1_200_1000_gen_cp_attack_1-10%_eval","0.996"
"4","0.704","62luh543","core_simple_1_200_1000_gen_cp_attack_1-10%_eval","0.998"
"4","0.732","62luh543","core_simple_1_200_1000_gen_cp_attack_1-10%_eval","0.998"
"4","0.756","62luh543","core_simple_1_200_1000_gen_cp_attack_1-10%_eval","1"
"4","0.762","62luh543","core_simple_1_200_1000_gen_cp_attack_1-10%_eval","1"
"4","0.768","62luh543","core_simple_1_200_1000_gen_cp_attack_1-10%_eval","1"
"4","0.776","62luh543","core_simple_1_200_1000_gen_cp_attack_1-10%_eval","1"
"4","0.78","62luh543","core_simple_1_200_1000_gen_cp_attack_1-10%_eval","1"
"4","0.786","62luh543","core_simple_1_200_1000_gen_cp_attack_1-10%_eval","1"
"4","0.788","62luh543","core_simple_1_200_1000_gen_cp_attack_1-10%_eval","1"
"4","0.96","62luh543","core_simple_1_200_1000_gen_cp_attack_1-10%_eval","1"
"4","0.964","62luh543","core_simple_1_200_1000_gen_cp_attack_1-10%_eval","1"
"4","0.968","62luh543","core_simple_1_200_1000_gen_cp_attack_1-10%_eval","1"
"4","0.982","62luh543","core_simple_1_200_1000_gen_cp_attack_1-10%_eval","1"
"4","0.988","62luh543","core_simple_1_200_1000_gen_cp_attack_1-10%_eval","1"
"4","1","62luh543","core_simple_1_200_1000_gen_cp_attack_1-10%_eval","1"
"7","0","llq7qgr4","core_simple_1_200_1000_gen_cp_attack_3-10%_eval","0"
"7","0","llq7qgr4","core_simple_1_200_1000_gen_cp_attack_3-10%_eval","0.002"
"7","0","llq7qgr4","core_simple_1_200_1000_gen_cp_attack_3-10%_eval","0.004"
"7","0","llq7qgr4","core_simple_1_200_1000_gen_cp_attack_3-10%_eval","0.01"
"7","0","llq7qgr4","core_simple_1_200_1000_gen_cp_attack_3-10%_eval","0.028"
"7","0","llq7qgr4","core_simple_1_200_1000_gen_cp_attack_3-10%_eval","0.032"
"7","0","llq7qgr4","core_simple_1_200_1000_gen_cp_attack_3-10%_eval","0.044"
"7","0","llq7qgr4","core_simple_1_200_1000_gen_cp_attack_3-10%_eval","0.052"
"7","0","llq7qgr4","core_simple_1_200_1000_gen_cp_attack_3-10%_eval","0.06"
"7","0","llq7qgr4","core_simple_1_200_1000_gen_cp_attack_3-10%_eval","0.064"
"7","0","llq7qgr4","core_simple_1_200_1000_gen_cp_attack_3-10%_eval","0.066"
"7","0","llq7qgr4","core_simple_1_200_1000_gen_cp_attack_3-10%_eval","0.07"
"7","0","llq7qgr4","core_simple_1_200_1000_gen_cp_attack_3-10%_eval","0.074"
"7","0","llq7qgr4","core_simple_1_200_1000_gen_cp_attack_3-10%_eval","0.08"
"7","0","llq7qgr4","core_simple_1_200_1000_gen_cp_attack_3-10%_eval","0.098"
"7","0","llq7qgr4","core_simple_1_200_1000_gen_cp_attack_3-10%_eval","0.102"
"7","0","llq7qgr4","core_simple_1_200_1000_gen_cp_attack_3-10%_eval","0.106"
"7","0","llq7qgr4","core_simple_1_200_1000_gen_cp_attack_3-10%_eval","0.114"
"7","0","llq7qgr4","core_simple_1_200_1000_gen_cp_attack_3-10%_eval","0.116"
"7","0.002","llq7qgr4","core_simple_1_200_1000_gen_cp_attack_3-10%_eval","0.116"
"7","0.002","llq7qgr4","core_simple_1_200_1000_gen_cp_attack_3-10%_eval","0.118"
"7","0.002","llq7qgr4","core_simple_1_200_1000_gen_cp_attack_3-10%_eval","0.122"
"7","0.002","llq7qgr4","core_simple_1_200_1000_gen_cp_attack_3-10%_eval","0.128"
"7","0.002","llq7qgr4","core_simple_1_200_1000_gen_cp_attack_3-10%_eval","0.132"
"7","0.002","llq7qgr4","core_simple_1_200_1000_gen_cp_attack_3-10%_eval","0.138"
"7","0.002","llq7qgr4","core_simple_1_200_1000_gen_cp_attack_3-10%_eval","0.142"
"7","0.002","llq7qgr4","core_simple_1_200_1000_gen_cp_attack_3-10%_eval","0.15"
"7","0.002","llq7qgr4","core_simple_1_200_1000_gen_cp_attack_3-10%_eval","0.154"
"7","0.002","llq7qgr4","core_simple_1_200_1000_gen_cp_attack_3-10%_eval","0.158"
"7","0.002","llq7qgr4","core_simple_1_200_1000_gen_cp_attack_3-10%_eval","0.162"
"7","0.002","llq7qgr4","core_simple_1_200_1000_gen_cp_attack_3-10%_eval","0.166"
"7","0.002","llq7qgr4","core_simple_1_200_1000_gen_cp_attack_3-10%_eval","0.188"
"7","0.002","llq7qgr4","core_simple_1_200_1000_gen_cp_attack_3-10%_eval","0.192"
"7","0.002","llq7qgr4","core_simple_1_200_1000_gen_cp_attack_3-10%_eval","0.194"
"7","0.002","llq7qgr4","core_simple_1_200_1000_gen_cp_attack_3-10%_eval","0.198"
"7","0.002","llq7qgr4","core_simple_1_200_1000_gen_cp_attack_3-10%_eval","0.206"
"7","0.002","llq7qgr4","core_simple_1_200_1000_gen_cp_attack_3-10%_eval","0.212"
"7","0.002","llq7qgr4","core_simple_1_200_1000_gen_cp_attack_3-10%_eval","0.214"
"7","0.002","llq7qgr4","core_simple_1_200_1000_gen_cp_attack_3-10%_eval","0.218"
"7","0.004","llq7qgr4","core_simple_1_200_1000_gen_cp_attack_3-10%_eval","0.218"
"7","0.004","llq7qgr4","core_simple_1_200_1000_gen_cp_attack_3-10%_eval","0.224"
"7","0.004","llq7qgr4","core_simple_1_200_1000_gen_cp_attack_3-10%_eval","0.228"
"7","0.004","llq7qgr4","core_simple_1_200_1000_gen_cp_attack_3-10%_eval","0.236"
"7","0.004","llq7qgr4","core_simple_1_200_1000_gen_cp_attack_3-10%_eval","0.252"
"7","0.004","llq7qgr4","core_simple_1_200_1000_gen_cp_attack_3-10%_eval","0.258"
"7","0.004","llq7qgr4","core_simple_1_200_1000_gen_cp_attack_3-10%_eval","0.266"
"7","0.004","llq7qgr4","core_simple_1_200_1000_gen_cp_attack_3-10%_eval","0.276"
"7","0.004","llq7qgr4","core_simple_1_200_1000_gen_cp_attack_3-10%_eval","0.282"
"7","0.004","llq7qgr4","core_simple_1_200_1000_gen_cp_attack_3-10%_eval","0.286"
"7","0.004","llq7qgr4","core_simple_1_200_1000_gen_cp_attack_3-10%_eval","0.294"
"7","0.004","llq7qgr4","core_simple_1_200_1000_gen_cp_attack_3-10%_eval","0.3"
"7","0.004","llq7qgr4","core_simple_1_200_1000_gen_cp_attack_3-10%_eval","0.308"
"7","0.004","llq7qgr4","core_simple_1_200_1000_gen_cp_attack_3-10%_eval","0.32"
"7","0.004","llq7qgr4","core_simple_1_200_1000_gen_cp_attack_3-10%_eval","0.322"
"7","0.004","llq7qgr4","core_simple_1_200_1000_gen_cp_attack_3-10%_eval","0.328"
"7","0.004","llq7qgr4","core_simple_1_200_1000_gen_cp_attack_3-10%_eval","0.336"
"7","0.004","llq7qgr4","core_simple_1_200_1000_gen_cp_attack_3-10%_eval","0.34"
"7","0.004","llq7qgr4","core_simple_1_200_1000_gen_cp_attack_3-10%_eval","0.352"
"7","0.004","llq7qgr4","core_simple_1_200_1000_gen_cp_attack_3-10%_eval","0.356"
"7","0.004","llq7qgr4","core_simple_1_200_1000_gen_cp_attack_3-10%_eval","0.358"
"7","0.004","llq7qgr4","core_simple_1_200_1000_gen_cp_attack_3-10%_eval","0.362"
"7","0.004","llq7qgr4","core_simple_1_200_1000_gen_cp_attack_3-10%_eval","0.372"
"7","0.004","llq7qgr4","core_simple_1_200_1000_gen_cp_attack_3-10%_eval","0.384"
"7","0.004","llq7qgr4","core_simple_1_200_1000_gen_cp_attack_3-10%_eval","0.39"
"7","0.004","llq7qgr4","core_simple_1_200_1000_gen_cp_attack_3-10%_eval","0.396"
"7","0.004","llq7qgr4","core_simple_1_200_1000_gen_cp_attack_3-10%_eval","0.404"
"7","0.004","llq7qgr4","core_simple_1_200_1000_gen_cp_attack_3-10%_eval","0.412"
"7","0.004","llq7qgr4","core_simple_1_200_1000_gen_cp_attack_3-10%_eval","0.414"
"7","0.004","llq7qgr4","core_simple_1_200_1000_gen_cp_attack_3-10%_eval","0.422"
"7","0.004","llq7qgr4","core_simple_1_200_1000_gen_cp_attack_3-10%_eval","0.43"
"7","0.004","llq7qgr4","core_simple_1_200_1000_gen_cp_attack_3-10%_eval","0.438"
"7","0.004","llq7qgr4","core_simple_1_200_1000_gen_cp_attack_3-10%_eval","0.442"
"7","0.004","llq7qgr4","core_simple_1_200_1000_gen_cp_attack_3-10%_eval","0.45"
"7","0.004","llq7qgr4","core_simple_1_200_1000_gen_cp_attack_3-10%_eval","0.452"
"7","0.004","llq7qgr4","core_simple_1_200_1000_gen_cp_attack_3-10%_eval","0.456"
"7","0.004","llq7qgr4","core_simple_1_200_1000_gen_cp_attack_3-10%_eval","0.458"
"7","0.004","llq7qgr4","core_simple_1_200_1000_gen_cp_attack_3-10%_eval","0.466"
"7","0.004","llq7qgr4","core_simple_1_200_1000_gen_cp_attack_3-10%_eval","0.47"
"7","0.004","llq7qgr4","core_simple_1_200_1000_gen_cp_attack_3-10%_eval","0.48"
"7","0.004","llq7qgr4","core_simple_1_200_1000_gen_cp_attack_3-10%_eval","0.484"
"7","0.004","llq7qgr4","core_simple_1_200_1000_gen_cp_attack_3-10%_eval","0.486"
"7","0.004","llq7qgr4","core_simple_1_200_1000_gen_cp_attack_3-10%_eval","0.494"
"7","0.004","llq7qgr4","core_simple_1_200_1000_gen_cp_attack_3-10%_eval","0.5"
"7","0.004","llq7qgr4","core_simple_1_200_1000_gen_cp_attack_3-10%_eval","0.512"
"7","0.004","llq7qgr4","core_simple_1_200_1000_gen_cp_attack_3-10%_eval","0.514"
"7","0.004","llq7qgr4","core_simple_1_200_1000_gen_cp_attack_3-10%_eval","0.522"
"7","0.004","llq7qgr4","core_simple_1_200_1000_gen_cp_attack_3-10%_eval","0.526"
"7","0.004","llq7qgr4","core_simple_1_200_1000_gen_cp_attack_3-10%_eval","0.532"
"7","0.004","llq7qgr4","core_simple_1_200_1000_gen_cp_attack_3-10%_eval","0.54"
"7","0.004","llq7qgr4","core_simple_1_200_1000_gen_cp_attack_3-10%_eval","0.544"
"7","0.004","llq7qgr4","core_simple_1_200_1000_gen_cp_attack_3-10%_eval","0.55"
"7","0.004","llq7qgr4","core_simple_1_200_1000_gen_cp_attack_3-10%_eval","0.574"
"7","0.004","llq7qgr4","core_simple_1_200_1000_gen_cp_attack_3-10%_eval","0.582"
"7","0.004","llq7qgr4","core_simple_1_200_1000_gen_cp_attack_3-10%_eval","0.588"
"7","0.004","llq7qgr4","core_simple_1_200_1000_gen_cp_attack_3-10%_eval","0.596"
"7","0.006","llq7qgr4","core_simple_1_200_1000_gen_cp_attack_3-10%_eval","0.596"
"7","0.008","llq7qgr4","core_simple_1_200_1000_gen_cp_attack_3-10%_eval","0.602"
"7","0.008","llq7qgr4","core_simple_1_200_1000_gen_cp_attack_3-10%_eval","0.614"
"7","0.008","llq7qgr4","core_simple_1_200_1000_gen_cp_attack_3-10%_eval","0.618"
"7","0.008","llq7qgr4","core_simple_1_200_1000_gen_cp_attack_3-10%_eval","0.62"
"7","0.008","llq7qgr4","core_simple_1_200_1000_gen_cp_attack_3-10%_eval","0.628"
"7","0.008","llq7qgr4","core_simple_1_200_1000_gen_cp_attack_3-10%_eval","0.632"
"7","0.008","llq7qgr4","core_simple_1_200_1000_gen_cp_attack_3-10%_eval","0.64"
"7","0.008","llq7qgr4","core_simple_1_200_1000_gen_cp_attack_3-10%_eval","0.642"
"7","0.01","llq7qgr4","core_simple_1_200_1000_gen_cp_attack_3-10%_eval","0.642"
"7","0.01","llq7qgr4","core_simple_1_200_1000_gen_cp_attack_3-10%_eval","0.644"
"7","0.01","llq7qgr4","core_simple_1_200_1000_gen_cp_attack_3-10%_eval","0.65"
"7","0.01","llq7qgr4","core_simple_1_200_1000_gen_cp_attack_3-10%_eval","0.656"
"7","0.012","llq7qgr4","core_simple_1_200_1000_gen_cp_attack_3-10%_eval","0.662"
"7","0.012","llq7qgr4","core_simple_1_200_1000_gen_cp_attack_3-10%_eval","0.668"
"7","0.012","llq7qgr4","core_simple_1_200_1000_gen_cp_attack_3-10%_eval","0.676"
"7","0.012","llq7qgr4","core_simple_1_200_1000_gen_cp_attack_3-10%_eval","0.678"
"7","0.012","llq7qgr4","core_simple_1_200_1000_gen_cp_attack_3-10%_eval","0.682"
"7","0.012","llq7qgr4","core_simple_1_200_1000_gen_cp_attack_3-10%_eval","0.688"
"7","0.014","llq7qgr4","core_simple_1_200_1000_gen_cp_attack_3-10%_eval","0.688"
"7","0.014","llq7qgr4","core_simple_1_200_1000_gen_cp_attack_3-10%_eval","0.692"
"7","0.014","llq7qgr4","core_simple_1_200_1000_gen_cp_attack_3-10%_eval","0.7"
"7","0.014","llq7qgr4","core_simple_1_200_1000_gen_cp_attack_3-10%_eval","0.702"
"7","0.014","llq7qgr4","core_simple_1_200_1000_gen_cp_attack_3-10%_eval","0.706"
"7","0.014","llq7qgr4","core_simple_1_200_1000_gen_cp_attack_3-10%_eval","0.708"
"7","0.018","llq7qgr4","core_simple_1_200_1000_gen_cp_attack_3-10%_eval","0.714"
"7","0.018","llq7qgr4","core_simple_1_200_1000_gen_cp_attack_3-10%_eval","0.718"
"7","0.018","llq7qgr4","core_simple_1_200_1000_gen_cp_attack_3-10%_eval","0.724"
"7","0.018","llq7qgr4","core_simple_1_200_1000_gen_cp_attack_3-10%_eval","0.728"
"7","0.018","llq7qgr4","core_simple_1_200_1000_gen_cp_attack_3-10%_eval","0.738"
"7","0.018","llq7qgr4","core_simple_1_200_1000_gen_cp_attack_3-10%_eval","0.746"
"7","0.018","llq7qgr4","core_simple_1_200_1000_gen_cp_attack_3-10%_eval","0.752"
"7","0.02","llq7qgr4","core_simple_1_200_1000_gen_cp_attack_3-10%_eval","0.752"
"7","0.02","llq7qgr4","core_simple_1_200_1000_gen_cp_attack_3-10%_eval","0.76"
"7","0.02","llq7qgr4","core_simple_1_200_1000_gen_cp_attack_3-10%_eval","0.768"
"7","0.022","llq7qgr4","core_simple_1_200_1000_gen_cp_attack_3-10%_eval","0.768"
"7","0.022","llq7qgr4","core_simple_1_200_1000_gen_cp_attack_3-10%_eval","0.774"
"7","0.022","llq7qgr4","core_simple_1_200_1000_gen_cp_attack_3-10%_eval","0.778"
"7","0.022","llq7qgr4","core_simple_1_200_1000_gen_cp_attack_3-10%_eval","0.784"
"7","0.022","llq7qgr4","core_simple_1_200_1000_gen_cp_attack_3-10%_eval","0.792"
"7","0.022","llq7qgr4","core_simple_1_200_1000_gen_cp_attack_3-10%_eval","0.804"
"7","0.022","llq7qgr4","core_simple_1_200_1000_gen_cp_attack_3-10%_eval","0.808"
"7","0.022","llq7qgr4","core_simple_1_200_1000_gen_cp_attack_3-10%_eval","0.81"
"7","0.024","llq7qgr4","core_simple_1_200_1000_gen_cp_attack_3-10%_eval","0.81"
"7","0.024","llq7qgr4","core_simple_1_200_1000_gen_cp_attack_3-10%_eval","0.812"
"7","0.024","llq7qgr4","core_simple_1_200_1000_gen_cp_attack_3-10%_eval","0.816"
"7","0.028","llq7qgr4","core_simple_1_200_1000_gen_cp_attack_3-10%_eval","0.818"
"7","0.028","llq7qgr4","core_simple_1_200_1000_gen_cp_attack_3-10%_eval","0.822"
"7","0.036","llq7qgr4","core_simple_1_200_1000_gen_cp_attack_3-10%_eval","0.828"
"7","0.036","llq7qgr4","core_simple_1_200_1000_gen_cp_attack_3-10%_eval","0.83"
"7","0.036","llq7qgr4","core_simple_1_200_1000_gen_cp_attack_3-10%_eval","0.838"
"7","0.038","llq7qgr4","core_simple_1_200_1000_gen_cp_attack_3-10%_eval","0.838"
"7","0.038","llq7qgr4","core_simple_1_200_1000_gen_cp_attack_3-10%_eval","0.84"
"7","0.04","llq7qgr4","core_simple_1_200_1000_gen_cp_attack_3-10%_eval","0.84"
"7","0.04","llq7qgr4","core_simple_1_200_1000_gen_cp_attack_3-10%_eval","0.852"
"7","0.042","llq7qgr4","core_simple_1_200_1000_gen_cp_attack_3-10%_eval","0.852"
"7","0.046","llq7qgr4","core_simple_1_200_1000_gen_cp_attack_3-10%_eval","0.86"
"7","0.048","llq7qgr4","core_simple_1_200_1000_gen_cp_attack_3-10%_eval","0.862"
"7","0.052","llq7qgr4","core_simple_1_200_1000_gen_cp_attack_3-10%_eval","0.862"
"7","0.052","llq7qgr4","core_simple_1_200_1000_gen_cp_attack_3-10%_eval","0.864"
"7","0.052","llq7qgr4","core_simple_1_200_1000_gen_cp_attack_3-10%_eval","0.868"
"7","0.054","llq7qgr4","core_simple_1_200_1000_gen_cp_attack_3-10%_eval","0.88"
"7","0.054","llq7qgr4","core_simple_1_200_1000_gen_cp_attack_3-10%_eval","0.886"
"7","0.054","llq7qgr4","core_simple_1_200_1000_gen_cp_attack_3-10%_eval","0.89"
"7","0.054","llq7qgr4","core_simple_1_200_1000_gen_cp_attack_3-10%_eval","0.892"
"7","0.056","llq7qgr4","core_simple_1_200_1000_gen_cp_attack_3-10%_eval","0.892"
"7","0.06","llq7qgr4","core_simple_1_200_1000_gen_cp_attack_3-10%_eval","0.892"
"7","0.06","llq7qgr4","core_simple_1_200_1000_gen_cp_attack_3-10%_eval","0.896"
"7","0.062","llq7qgr4","core_simple_1_200_1000_gen_cp_attack_3-10%_eval","0.9"
"7","0.062","llq7qgr4","core_simple_1_200_1000_gen_cp_attack_3-10%_eval","0.904"
"7","0.062","llq7qgr4","core_simple_1_200_1000_gen_cp_attack_3-10%_eval","0.908"
"7","0.082","llq7qgr4","core_simple_1_200_1000_gen_cp_attack_3-10%_eval","0.916"
"7","0.082","llq7qgr4","core_simple_1_200_1000_gen_cp_attack_3-10%_eval","0.92"
"7","0.086","llq7qgr4","core_simple_1_200_1000_gen_cp_attack_3-10%_eval","0.92"
"7","0.086","llq7qgr4","core_simple_1_200_1000_gen_cp_attack_3-10%_eval","0.924"
"7","0.088","llq7qgr4","core_simple_1_200_1000_gen_cp_attack_3-10%_eval","0.924"
"7","0.088","llq7qgr4","core_simple_1_200_1000_gen_cp_attack_3-10%_eval","0.93"
"7","0.094","llq7qgr4","core_simple_1_200_1000_gen_cp_attack_3-10%_eval","0.93"
"7","0.094","llq7qgr4","core_simple_1_200_1000_gen_cp_attack_3-10%_eval","0.932"
"7","0.094","llq7qgr4","core_simple_1_200_1000_gen_cp_attack_3-10%_eval","0.938"
"7","0.116","llq7qgr4","core_simple_1_200_1000_gen_cp_attack_3-10%_eval","0.942"
"7","0.116","llq7qgr4","core_simple_1_200_1000_gen_cp_attack_3-10%_eval","0.944"
"7","0.122","llq7qgr4","core_simple_1_200_1000_gen_cp_attack_3-10%_eval","0.944"
"7","0.122","llq7qgr4","core_simple_1_200_1000_gen_cp_attack_3-10%_eval","0.946"
"7","0.126","llq7qgr4","core_simple_1_200_1000_gen_cp_attack_3-10%_eval","0.95"
"7","0.128","llq7qgr4","core_simple_1_200_1000_gen_cp_attack_3-10%_eval","0.95"
"7","0.128","llq7qgr4","core_simple_1_200_1000_gen_cp_attack_3-10%_eval","0.952"
"7","0.144","llq7qgr4","core_simple_1_200_1000_gen_cp_attack_3-10%_eval","0.954"
"7","0.15","llq7qgr4","core_simple_1_200_1000_gen_cp_attack_3-10%_eval","0.954"
"7","0.152","llq7qgr4","core_simple_1_200_1000_gen_cp_attack_3-10%_eval","0.954"
"7","0.164","llq7qgr4","core_simple_1_200_1000_gen_cp_attack_3-10%_eval","0.956"
"7","0.168","llq7qgr4","core_simple_1_200_1000_gen_cp_attack_3-10%_eval","0.958"
"7","0.172","llq7qgr4","core_simple_1_200_1000_gen_cp_attack_3-10%_eval","0.958"
"7","0.172","llq7qgr4","core_simple_1_200_1000_gen_cp_attack_3-10%_eval","0.96"
"7","0.174","llq7qgr4","core_simple_1_200_1000_gen_cp_attack_3-10%_eval","0.96"
"7","0.174","llq7qgr4","core_simple_1_200_1000_gen_cp_attack_3-10%_eval","0.962"
"7","0.178","llq7qgr4","core_simple_1_200_1000_gen_cp_attack_3-10%_eval","0.962"
"7","0.18","llq7qgr4","core_simple_1_200_1000_gen_cp_attack_3-10%_eval","0.964"
"7","0.236","llq7qgr4","core_simple_1_200_1000_gen_cp_attack_3-10%_eval","0.966"
"7","0.24","llq7qgr4","core_simple_1_200_1000_gen_cp_attack_3-10%_eval","0.966"
"7","0.244","llq7qgr4","core_simple_1_200_1000_gen_cp_attack_3-10%_eval","0.966"
"7","0.246","llq7qgr4","core_simple_1_200_1000_gen_cp_attack_3-10%_eval","0.966"
"7","0.254","llq7qgr4","core_simple_1_200_1000_gen_cp_attack_3-10%_eval","0.966"
"7","0.256","llq7qgr4","core_simple_1_200_1000_gen_cp_attack_3-10%_eval","0.97"
"7","0.312","llq7qgr4","core_simple_1_200_1000_gen_cp_attack_3-10%_eval","0.974"
"7","0.312","llq7qgr4","core_simple_1_200_1000_gen_cp_attack_3-10%_eval","0.976"
"7","0.314","llq7qgr4","core_simple_1_200_1000_gen_cp_attack_3-10%_eval","0.976"
"7","0.324","llq7qgr4","core_simple_1_200_1000_gen_cp_attack_3-10%_eval","0.978"
"7","0.328","llq7qgr4","core_simple_1_200_1000_gen_cp_attack_3-10%_eval","0.978"
"7","0.356","llq7qgr4","core_simple_1_200_1000_gen_cp_attack_3-10%_eval","0.978"
"7","0.362","llq7qgr4","core_simple_1_200_1000_gen_cp_attack_3-10%_eval","0.978"
"7","0.364","llq7qgr4","core_simple_1_200_1000_gen_cp_attack_3-10%_eval","0.978"
"7","0.368","llq7qgr4","core_simple_1_200_1000_gen_cp_attack_3-10%_eval","0.98"
"7","0.372","llq7qgr4","core_simple_1_200_1000_gen_cp_attack_3-10%_eval","0.98"
"7","0.374","llq7qgr4","core_simple_1_200_1000_gen_cp_attack_3-10%_eval","0.98"
"7","0.378","llq7qgr4","core_simple_1_200_1000_gen_cp_attack_3-10%_eval","0.98"
"7","0.388","llq7qgr4","core_simple_1_200_1000_gen_cp_attack_3-10%_eval","0.984"
"7","0.39","llq7qgr4","core_simple_1_200_1000_gen_cp_attack_3-10%_eval","0.984"
"7","0.594","llq7qgr4","core_simple_1_200_1000_gen_cp_attack_3-10%_eval","0.986"
"7","0.606","llq7qgr4","core_simple_1_200_1000_gen_cp_attack_3-10%_eval","0.986"
"7","0.608","llq7qgr4","core_simple_1_200_1000_gen_cp_attack_3-10%_eval","0.986"
"7","0.61","llq7qgr4","core_simple_1_200_1000_gen_cp_attack_3-10%_eval","0.988"
"7","0.614","llq7qgr4","core_simple_1_200_1000_gen_cp_attack_3-10%_eval","0.988"
"7","0.616","llq7qgr4","core_simple_1_200_1000_gen_cp_attack_3-10%_eval","0.988"
"7","0.622","llq7qgr4","core_simple_1_200_1000_gen_cp_attack_3-10%_eval","0.988"
"7","0.704","llq7qgr4","core_simple_1_200_1000_gen_cp_attack_3-10%_eval","0.988"
"7","0.732","llq7qgr4","core_simple_1_200_1000_gen_cp_attack_3-10%_eval","0.99"
"7","0.756","llq7qgr4","core_simple_1_200_1000_gen_cp_attack_3-10%_eval","0.992"
"7","0.762","llq7qgr4","core_simple_1_200_1000_gen_cp_attack_3-10%_eval","0.992"
"7","0.768","llq7qgr4","core_simple_1_200_1000_gen_cp_attack_3-10%_eval","0.992"
"7","0.776","llq7qgr4","core_simple_1_200_1000_gen_cp_attack_3-10%_eval","0.992"
"7","0.78","llq7qgr4","core_simple_1_200_1000_gen_cp_attack_3-10%_eval","0.992"
"7","0.786","llq7qgr4","core_simple_1_200_1000_gen_cp_attack_3-10%_eval","0.992"
"7","0.788","llq7qgr4","core_simple_1_200_1000_gen_cp_attack_3-10%_eval","0.992"
"7","0.96","llq7qgr4","core_simple_1_200_1000_gen_cp_attack_3-10%_eval","0.998"
"7","0.964","llq7qgr4","core_simple_1_200_1000_gen_cp_attack_3-10%_eval","0.998"
"7","0.968","llq7qgr4","core_simple_1_200_1000_gen_cp_attack_3-10%_eval","0.998"
"7","0.982","llq7qgr4","core_simple_1_200_1000_gen_cp_attack_3-10%_eval","1"
"7","0.988","llq7qgr4","core_simple_1_200_1000_gen_cp_attack_3-10%_eval","1"
"7","1","llq7qgr4","core_simple_1_200_1000_gen_cp_attack_3-10%_eval","1"